Student_ID,Name,Dept,Year,Attendance%,Avg_Marks,Assignments_Submitted%,Backlogs,payment_status,risk_score,Dropout
S0001,Tyler Anderson,CSE,4,77,42,39,5,1,23.6,1
S0002,Victor Hobbs,MECH,4,58,61,77,4,0,12.8,0
S0003,Stacey Mccann,IT,1,41,91,79,0,0,9.600000000000001,0
S0004,Allison Mcdaniel,CIVIL,2,49,49,63,4,1,23.1,1
S0005,Lisa Martin,ECE,4,49,58,89,5,0,16.4,0
S0006,Katherine Rodriguez,CIVIL,1,86,27,59,5,1,24.1,1
S0007,Yvonne Sims,IT,3,67,63,34,2,1,12.2,0
S0008,Rebecca Reyes,ECE,3,49,55,72,1,0,6.4,0
S0009,David Jimenez,IT,2,77,90,35,0,0,7.0,0
S0010,Brent Parker,MECH,4,92,100,64,5,1,16.2,0
S0011,Patricia Walker,ECE,1,33,28,86,2,1,24.4,1
S0012,Robert Mccarty,CSE,4,98,55,93,0,1,5.0,0
S0013,Ian Cardenas,CIVIL,1,82,96,39,4,0,16.2,0
S0014,Alison Hobbs,CSE,3,76,53,90,5,1,15.0,0
S0015,Jason Garcia,ECE,1,41,41,41,4,1,33.1,1
S0016,Travis Strickland,CSE,4,39,69,71,4,0,20.4,1
S0017,Craig Flores,ECE,1,93,42,82,2,1,7.4,0
S0018,Mrs. April Acosta,CSE,2,30,51,64,1,1,20.2,1
S0019,John Wood,CIVIL,2,69,23,75,3,1,13.1,0
S0020,Denise Wilson,CSE,2,61,50,31,3,1,14.4,0
S0021,Abigail Mitchell,CSE,4,75,81,79,5,0,10.0,0
S0022,Deanna Perkins,CSE,3,87,28,83,3,1,11.6,0
S0023,Terri Mora,CSE,2,45,77,75,3,0,8.0,0
S0024,Laurie Reyes,IT,1,64,88,79,2,0,0.4,0
S0025,Raymond Smith,CIVIL,2,84,36,54,4,1,22.4,1
S0026,Amanda Hawkins,CIVIL,1,85,81,38,4,0,16.4,0
S0027,Angela Diaz,IT,3,38,29,40,0,1,28.1,1
S0028,Donna Johnson,CIVIL,1,88,27,86,0,1,11.899999999999999,0
S0029,Joseph Lee,CSE,1,90,44,41,0,1,12.600000000000001,0
S0030,Elizabeth Taylor,MECH,1,65,33,90,5,0,15.1,0
S0031,Jason Hoffman,CSE,3,56,40,47,4,1,26.2,1
S0032,Patricia Henry,IT,1,78,75,83,2,1,5.0,0
S0033,Eric Ortiz,CSE,3,33,78,40,3,0,18.8,0
S0034,Eric Stanton,IT,1,85,95,88,0,1,5.0,0
S0035,Tina Garcia,CIVIL,1,70,45,88,2,1,6.5,0
S0036,Jeffrey Gonzales,CSE,1,38,96,63,3,1,17.200000000000003,0
S0037,Marilyn Howell,MECH,3,72,32,56,5,0,18.2,0
S0038,Jonathan Mccarthy,ECE,2,60,20,87,0,0,11.0,0
S0039,Shelly Cole,CSE,4,46,63,94,3,0,7.6000000000000005,0
S0040,James Webb,IT,2,81,66,92,3,1,5.0,0
S0041,Adam Petersen,IT,2,85,70,36,2,1,11.8,0
S0042,David Keller,IT,2,52,90,70,3,0,5.2,0
S0043,Rachel Johnson,ECE,4,37,35,94,0,1,20.700000000000003,1
S0044,Rhonda Hoffman,IT,3,53,30,78,4,0,20.8,1
S0045,Justin Allen,CIVIL,1,47,52,80,2,1,12.2,0
S0046,Patricia Lynch,ECE,2,48,63,64,1,0,8.0,0
S0047,Kelly Rush,ECE,4,92,23,59,4,0,20.3,1
S0048,Sarah Smith,CSE,2,49,94,89,4,0,16.4,0
S0049,Brian Rangel,IT,2,38,88,78,0,1,15.8,0
S0050,Miss Ariel Herman,MECH,1,85,37,59,3,0,6.1,0
S0051,Cynthia Rogers,ECE,2,48,55,86,3,0,6.800000000000001,0
S0052,Chelsea Rodriguez,ECE,4,59,44,78,5,1,19.2,0
S0053,Cheryl Johnson,MECH,1,87,59,83,5,1,15.0,0
S0054,Mrs. Amanda Dawson,ECE,3,41,42,46,3,1,21.800000000000004,1
S0055,Elizabeth Mathews,CIVIL,3,97,57,66,4,0,10.8,0
S0056,Krista Martin,MECH,2,39,97,42,5,1,31.0,1
S0057,Caroline Davis MD,CIVIL,4,76,96,61,5,1,16.8,0
S0058,Christopher Mckinney,ECE,1,69,27,87,0,1,11.899999999999999,0
S0059,Mariah Dalton,IT,1,73,63,47,1,1,9.600000000000001,0
S0060,James Smith,MECH,3,94,20,52,3,0,12.6,0
S0061,Audrey Stanley,MECH,1,41,87,96,5,0,19.6,0
S0062,Jose Ryan,CIVIL,2,47,86,82,5,1,22.2,1
S0063,Barbara Evans,CSE,3,47,21,48,2,0,20.299999999999997,1
S0064,Regina Medina,CIVIL,3,44,67,98,2,0,8.4,0
S0065,Kathryn Everett,CIVIL,3,49,45,45,5,0,22.9,1
S0066,Mark Rice,CIVIL,2,64,92,53,5,1,18.8,0
S0067,Steven Wilson,ECE,2,85,55,39,0,0,6.2,0
S0068,Diane Harrington,ECE,2,35,86,82,4,0,22.0,1
S0069,Matthew Ellis,IT,2,30,67,37,2,0,20.6,1
S0070,Pamela Molina,ECE,2,84,79,30,0,1,13.0,0
S0071,Troy Young,CSE,2,52,67,91,5,0,15.2,0
S0072,Hannah Murphy,CSE,2,47,97,74,0,0,7.2,0
S0073,Melinda Small,CSE,4,49,20,79,0,1,20.4,1
S0074,Matthew Rivera,CIVIL,4,71,77,30,5,1,23.0,1
S0075,Jennifer Jefferson,ECE,1,94,75,48,0,1,9.4,0
S0076,Mr. William Cohen,CSE,1,91,100,74,0,0,0.0,0
S0077,Jessica Nunez,CIVIL,3,63,65,69,0,0,1.0,0
S0078,Andrew Hickman,MECH,2,51,36,60,4,0,21.8,1
S0079,Sean Ortega,IT,3,77,52,47,3,0,4.6000000000000005,0
S0080,Jason Watkins,CSE,2,36,46,46,2,1,22.6,1
S0081,Deanna Green,ECE,1,48,97,86,5,1,21.8,1
S0082,Andrew Fox,IT,1,90,100,53,3,0,3.4000000000000004,0
S0083,James George,CIVIL,4,65,100,99,0,1,5.0,0
S0084,Joyce Harris,ECE,3,78,28,72,3,0,6.6,0
S0085,Brian Young,ECE,4,75,63,100,0,1,5.0,0
S0086,David Cabrera,IT,4,71,58,64,1,0,1.2000000000000002,0
S0087,Amy Burch,MECH,1,87,42,85,5,0,12.4,0
S0088,Michelle Swanson,CSE,3,55,26,32,0,0,18.8,0
S0089,Charles Hampton,ECE,4,32,72,43,4,1,33.6,1
S0090,Julie Hurst,IT,4,45,77,82,4,1,23.0,1
S0091,Susan Taylor,ECE,1,72,71,31,2,0,7.800000000000001,0
S0092,Leslie Washington,CSE,3,46,81,74,1,1,12.600000000000001,0
S0093,Susan Watson,IT,2,71,83,32,5,0,17.6,0
S0094,Michael Ellison,CSE,3,58,80,41,3,0,8.600000000000001,0
S0095,Linda Crosby,ECE,3,68,65,50,1,1,9.0,0
S0096,Mark Merritt,IT,3,41,96,34,5,1,31.8,1
S0097,Stephanie Rogers,ECE,2,63,27,36,4,1,29.5,1
S0098,Justin Welch,IT,3,88,75,56,4,1,17.8,0
S0099,Angela Cooper,CSE,1,69,99,68,0,0,0.4,0
S0100,Carolyn Rodriguez,CIVIL,3,79,78,39,4,1,21.2,1
S0101,Alexander Cook,CSE,1,56,55,75,1,0,3.6,0
S0102,Sharon Garcia,IT,1,92,55,50,0,1,9.0,0
S0103,Debra Rodriguez,ECE,1,67,53,84,0,1,5.0,0
S0104,Arthur Mckinney,CSE,3,70,26,46,0,0,12.0,0
S0105,Cynthia Mccormick,MECH,3,51,82,62,2,0,7.200000000000001,0
S0106,Todd Jones,ECE,1,31,27,67,4,0,31.1,1
S0107,Ryan Davis,CIVIL,1,44,55,81,1,1,13.4,0
S0108,Jill Myers,CSE,2,34,35,55,0,0,19.9,0
S0109,Carol Pratt,MECH,1,74,96,82,4,1,15.0,0
S0110,Stuart Fowler,CSE,1,52,44,87,3,1,12.0,0
S0111,Brittany Jimenez,IT,4,38,52,79,4,0,20.8,1
S0112,Carmen Moran,CSE,4,57,52,85,2,1,8.2,0
S0113,Diana Gill,MECH,1,99,47,49,4,0,15.1,0
S0114,John Hernandez,IT,1,64,24,88,0,0,8.2,0
S0115,Clayton Dudley,IT,3,60,74,36,0,1,13.8,0
S0116,Kelsey Pierce,ECE,1,59,78,40,0,0,8.4,0
S0117,Ashley Murphy MD,CSE,1,31,78,95,5,1,28.6,1
S0118,Stacy Sweeney,CIVIL,4,100,68,63,4,1,16.4,0
S0119,Robin Charles,CSE,2,47,20,68,0,1,21.599999999999998,1
S0120,Hector Morgan,CSE,1,72,56,64,5,1,16.2,0
S0121,Sharon Taylor,IT,3,63,75,37,5,1,22.4,1
S0122,Ruth Neal,MECH,4,49,35,83,0,0,10.9,0
S0123,Devin Collins,IT,2,59,64,86,1,0,2.4000000000000004,0
S0124,Kimberly Watson,IT,2,40,89,65,1,0,11.0,0
S0125,Jennifer Fritz,CIVIL,1,57,20,35,4,0,29.2,1
S0126,Jacob Murray,CSE,2,82,66,39,1,1,11.2,0
S0127,Michael Marsh,MECH,2,96,35,44,2,0,9.7,0
S0128,Justin Mercer,IT,3,44,84,62,0,0,10.0,0
S0129,Raymond Espinoza,IT,1,96,68,81,4,1,15.0,0
S0130,Briana Hamilton,CSE,1,53,98,96,5,0,14.8,0
S0131,Emily Zimmerman,ECE,2,94,26,45,1,1,17.2,0
S0132,Christopher Myers,ECE,3,76,48,52,5,0,14.2,0
S0133,Donald Collins,CIVIL,2,96,89,31,0,0,7.800000000000001,0
S0134,Brooke Lewis,IT,3,67,55,43,5,1,20.4,1
S0135,Christopher Burton,CIVIL,4,48,28,51,4,0,27.2,1
S0136,Felicia Williams,IT,4,49,57,36,5,0,23.200000000000003,1
S0137,Julia Dominguez,CIVIL,4,66,86,30,3,1,13.0,0
S0138,Mario Shea,CIVIL,4,74,68,67,0,1,5.6,0
S0139,Stephanie Miranda,CIVIL,3,89,25,82,2,1,12.5,0
S0140,Rebecca Davis,MECH,1,58,40,100,2,1,10.8,0
S0141,Andrew Cook,MECH,1,100,42,89,5,0,12.4,0
S0142,Margaret Osborn,IT,3,71,39,80,4,1,18.3,0
S0143,Robert Dixon,CIVIL,2,84,51,100,2,1,5.0,0
S0144,Mark Price,CSE,2,93,79,75,0,0,0.0,0
S0145,Kelly Robinson,CSE,3,75,57,45,5,1,20.0,0
S0146,Jeffrey Haynes,MECH,1,57,77,69,3,1,8.4,0
S0147,Travis Marquez,ECE,3,59,99,57,4,0,15.0,0
S0148,Nicole Jones,CIVIL,1,46,100,61,4,0,19.4,0
S0149,Alicia Reyes,CSE,2,32,90,98,5,0,23.200000000000003,1
S0150,Whitney Bowers,MECH,2,61,57,50,3,1,10.6,0
S0151,Yolanda Henderson,IT,3,41,51,82,4,1,24.6,1
S0152,Evan Sharp,CIVIL,2,66,99,83,4,1,15.0,0
S0153,Aaron Torres,MECH,4,52,61,39,3,0,11.4,0
S0154,Erin Fernandez,ECE,2,90,73,100,0,1,5.0,0
S0155,Sandra Reilly,IT,2,40,32,69,3,1,20.599999999999998,1
S0156,Monica Nielsen,IT,2,56,67,99,5,0,13.6,0
S0157,Judy Rivers,ECE,2,33,45,91,2,0,14.3,0
S0158,Mary Oconnor,CIVIL,3,52,85,96,4,1,20.2,1
S0159,William White,ECE,3,33,39,82,4,0,26.1,1
S0160,Chad Lee,CSE,2,58,41,59,0,0,7.7,0
S0161,Ryan Johnson,ECE,4,37,94,62,5,0,22.8,1
S0162,Jason Beck,CSE,2,67,80,31,4,0,17.8,0
S0163,Shane Medina,CSE,3,34,52,58,0,0,14.8,0
S0164,Lindsay Potter,MECH,4,94,75,78,0,1,5.0,0
S0165,Jasmine Henry,ECE,4,81,81,53,3,1,8.4,0
S0166,Laura Adams,ECE,2,58,79,88,4,1,17.8,0
S0167,Stephen Richardson,CIVIL,3,80,78,77,1,0,0.0,0
S0168,Heather Hopkins,ECE,2,72,58,56,2,1,7.800000000000001,0
S0169,Janice Kennedy,IT,4,63,89,39,0,1,12.0,0
S0170,Michael Robinson,CSE,1,36,21,43,4,1,40.7,1
S0171,Hunter Heath,CSE,4,72,82,94,0,0,0.0,0
S0172,Robert Brown,MECH,2,61,98,41,2,1,12.4,0
S0173,Kimberly Nelson,CSE,3,38,86,77,2,1,15.8,0
S0174,Justin Christensen,CSE,1,38,89,81,2,1,15.8,0
S0175,Laura Campbell,IT,1,31,72,90,3,0,13.600000000000001,0
S0176,James Humphrey,ECE,1,63,63,59,1,0,3.0,0
S0177,Larry Daniels,CIVIL,1,45,66,91,4,1,23.0,1
S0178,Tyler Sellers,CIVIL,3,82,44,80,4,0,11.8,0
S0179,Alicia Schmidt,ECE,2,73,34,91,3,1,9.8,0
S0180,Kylie Baker,CIVIL,1,42,59,65,1,0,10.200000000000001,0
S0181,Kevin Santana,CIVIL,2,95,87,40,3,0,6.0,0
S0182,Tanner Webb,ECE,1,83,39,99,2,1,8.3,0
S0183,Mariah Smith,IT,2,41,97,68,3,0,10.000000000000002,0
S0184,Mary Whitney,CSE,3,54,65,65,3,0,5.4,0
S0185,Elizabeth Tucker,IT,4,96,99,71,3,0,0.0,0
S0186,Gilbert Hunter,CIVIL,3,49,73,90,1,1,11.4,0
S0187,Dean Taylor,MECH,2,61,53,76,1,0,1.6,0
S0188,Richard Howell,ECE,1,56,93,57,1,0,6.2,0
S0189,Amber Park,MECH,2,46,41,81,2,0,10.3,0
S0190,Michelle Brandt,MECH,4,74,53,64,3,0,1.2000000000000002,0
S0191,William Johnson,ECE,2,92,44,57,0,0,4.4,0
S0192,Elizabeth Steele,CSE,1,96,77,49,5,1,19.2,0
S0193,Mary Cummings,CIVIL,3,82,60,60,3,1,7.0,0
S0194,Andrea Harris,CSE,1,72,27,53,4,0,20.3,1
S0195,Ashley Lynch,CSE,2,56,38,81,5,0,17.2,0
S0196,Carla Grant,CIVIL,4,40,67,83,2,1,15.0,0
S0197,Connie Taylor,MECH,1,65,43,95,1,1,7.1,0
S0198,Jamie Wilkinson,ECE,4,71,58,49,1,0,4.2,0
S0199,Dr. Steven Edwards Jr.,CIVIL,4,34,23,61,4,0,32.3,1
S0200,Brianna Davis,IT,4,49,21,88,1,0,15.1,0
S0201,Michele Marshall,ECE,3,97,64,85,5,0,10.0,0
S0202,Shelia Soto,IT,3,38,71,45,5,0,25.8,1
S0203,Ryan Clark,IT,3,67,72,80,2,0,0.0,0
S0204,Bob Carson,MECH,3,71,25,53,2,1,15.9,0
S0205,Edward Powell,ECE,1,57,26,100,2,1,15.399999999999999,0
S0206,Rebecca Thomas,ECE,4,87,25,68,2,1,12.9,0
S0207,Joan Cohen,CSE,1,96,94,69,2,0,0.2,0
S0208,Nicholas Andrews,MECH,2,83,76,67,4,1,15.6,0
S0209,Jill Davis,MECH,3,88,34,30,4,1,27.8,1
S0210,Brandon Wilson,CIVIL,1,77,85,88,5,1,15.0,0
S0211,Sarah Kelly,CSE,1,72,43,96,1,1,7.1,0
S0212,Miss Jennifer Baker MD,MECH,2,35,46,40,5,1,34.2,1
S0213,Michael Smith,CSE,1,53,39,64,2,1,14.3,0
S0214,Kimberly Ray,CIVIL,4,54,43,68,5,1,21.9,1
S0215,Carol Caldwell,IT,3,50,40,91,5,1,24.0,1
S0216,Nancy Kelly,CSE,2,68,83,88,1,0,0.0,0
S0217,Alexis Gonzalez,MECH,3,66,81,64,0,0,1.2000000000000002,0
S0218,Alison Stephens,CSE,2,74,40,33,3,1,15.4,0
S0219,Laura Daugherty,CSE,3,41,80,59,1,1,16.8,0
S0220,Robert Barrett,ECE,2,75,56,99,0,1,5.0,0
S0221,Jacqueline Diaz,MECH,2,30,72,40,2,1,25.0,1
S0222,Brian Chandler,ECE,3,62,52,43,5,0,16.6,0
S0223,Katherine Hester,ECE,3,53,54,66,4,0,15.600000000000001,0
S0224,Briana Lucero,IT,3,72,29,49,0,1,15.5,0
S0225,Paul Ruiz,CIVIL,1,70,87,55,5,1,18.0,0
S0226,Donald Nguyen,MECH,2,39,60,98,3,0,10.4,0
S0227,Rachel Moore,IT,4,39,25,88,4,0,27.9,1
S0228,Jeffrey Munoz,CSE,1,84,66,92,2,0,0.0,0
S0229,Laura Guzman,CIVIL,4,67,33,86,0,0,5.1,0
S0230,Michele Hamilton,CSE,1,45,28,75,4,1,29.6,1
S0231,Reginald Ferrell,CIVIL,4,52,34,30,2,0,18.0,0
S0232,Stephen Blake,CIVIL,1,66,53,44,1,1,10.2,0
S0233,Lindsay Martin,CSE,3,98,64,99,3,1,5.0,0
S0234,Kelly Parsons,CIVIL,1,85,79,45,3,1,10.0,0
S0235,Leslie Schmidt,IT,4,53,97,93,3,1,9.8,0
S0236,Paul Paul,IT,4,64,35,95,4,0,14.9,0
S0237,Brent Jordan,ECE,3,32,20,87,2,1,27.200000000000003,1
S0238,William Allen,IT,4,55,60,53,1,0,7.4,0
S0239,Angela Johnson,CIVIL,4,53,52,36,4,0,21.6,1
S0240,Anna Coffey,IT,2,55,24,41,1,0,17.6,0
S0241,Kristen Nguyen,MECH,4,95,65,66,2,1,5.8,0
S0242,Anne Bolton,IT,3,52,64,71,5,1,20.2,1
S0243,Linda Waller,CIVIL,4,59,54,30,4,0,20.4,1
S0244,Mitchell Harrington,MECH,2,73,86,66,2,1,5.8,0
S0245,Alvin Taylor,CSE,3,38,42,85,4,1,28.200000000000003,1
S0246,Isabel Contreras,MECH,2,87,92,95,0,0,0.0,0
S0247,Felicia Munoz,CIVIL,3,65,46,46,1,1,11.0,0
S0248,Nathan Schroeder,IT,2,34,22,99,3,1,25.8,1
S0249,Eric Mueller,CIVIL,3,42,62,43,4,1,29.6,1
S0250,Rachel Ramos,CSE,3,71,57,30,2,1,13.0,0
S0251,Katie Moore,CIVIL,3,97,32,64,0,0,6.6,0
S0252,Paul Hicks,CSE,4,38,71,53,3,1,19.200000000000003,0
S0253,Darren Schmitt,CSE,1,40,20,85,5,0,29.0,1
S0254,Jose Johnson,CIVIL,3,100,100,52,2,1,8.6,0
S0255,Mark Lawrence,IT,3,34,56,37,5,1,34.0,1
S0256,Jamie Baxter,MECH,2,100,45,81,2,0,1.5,0
S0257,John Wolf,MECH,2,88,41,52,1,1,11.3,0
S0258,Catherine Watts,ECE,3,67,91,73,3,0,0.0,0
S0259,Dawn Fisher,CSE,4,31,94,94,4,1,28.6,1
S0260,Robert Morgan,CSE,3,66,80,75,0,0,0.0,0
S0261,Tracy Cummings,CSE,2,47,66,39,3,1,18.4,0
S0262,Elizabeth Martin,MECH,3,91,28,42,2,0,12.2,0
S0263,Cody White,IT,4,36,90,91,3,1,16.6,0
S0264,Jennifer Brown,CSE,4,56,71,35,1,1,15.6,0
S0265,Joshua Morris,CIVIL,3,91,100,72,1,1,5.0,0
S0266,Alyssa Thomas,MECH,3,77,65,31,0,0,7.800000000000001,0
S0267,Pamela Jackson,CSE,4,38,84,43,1,1,21.200000000000003,1
S0268,Lisa Alvarez,CIVIL,4,73,53,46,3,0,4.800000000000001,0
S0269,Nicholas Nunez,MECH,1,60,96,35,0,0,9.0,0
S0270,Derek Sampson,CSE,2,97,96,57,1,0,2.6,0
S0271,Mr. Derek Baxter,MECH,3,33,40,34,3,1,28.0,1
S0272,Randy Gomez,CIVIL,2,31,36,89,1,0,17.8,0
S0273,Jennifer Rangel,MECH,3,74,65,40,0,1,11.0,0
S0274,Cody Hill,CIVIL,4,65,83,84,1,0,0.0,0
S0275,Cheryl Ramos,CIVIL,1,85,43,48,4,1,21.5,1
S0276,Denise Castillo,ECE,2,96,66,43,5,1,20.4,1
S0277,Joshua Fox,ECE,4,58,47,37,3,0,10.3,0
S0278,Douglas Morris,CIVIL,3,80,32,98,1,1,10.399999999999999,0
S0279,Cesar Garcia,IT,3,33,69,94,2,0,12.8,0
S0280,Arthur Johnson,ECE,1,100,80,59,2,0,2.2,0
S0281,Joseph Cardenas,IT,4,79,60,84,5,1,15.0,0
S0282,John Martinez,ECE,4,36,49,63,3,0,13.300000000000002,0
S0283,Gerald Howard,CSE,1,66,71,76,3,1,5.0,0
S0284,Lori Wise,IT,1,89,73,83,4,1,15.0,0
S0285,Nicholas Rosales,CSE,3,55,62,45,2,0,9.0,0
S0286,Kristina Nicholson,ECE,1,80,48,50,0,0,4.6,0
S0287,Kayla Woodward,CIVIL,2,82,32,43,0,0,10.8,0
S0288,Kristen Cline,IT,2,91,28,62,1,1,13.2,0
S0289,Sabrina Jenkins,MECH,4,76,72,80,2,1,5.0,0
S0290,Brandon Fernandez,MECH,4,69,75,97,1,1,5.0,0
S0291,Heather Stout,CIVIL,4,48,32,96,5,0,22.2,1
S0292,Erica Fernandez,ECE,4,83,30,71,4,1,21.0,1
S0293,Edward Turner,CSE,2,73,40,45,5,1,23.0,1
S0294,Joseph Marquez,IT,1,72,61,98,4,0,10.0,0
S0295,Tiffany Hopkins,CIVIL,2,96,62,63,4,0,11.4,0
S0296,Crystal Jones,CIVIL,3,97,38,43,4,0,19.0,0
S0297,Michael Johnson,MECH,3,89,77,86,2,0,0.0,0
S0298,Gary Murphy DDS,IT,4,100,20,36,2,0,15.8,0
S0299,Wendy Saunders,CSE,3,63,86,30,0,0,8.8,0
S0300,Kristopher Mills,IT,1,62,83,63,5,0,12.600000000000001,0
S0301,Scott Payne,IT,3,72,66,72,1,0,0.0,0
S0302,Teresa Cox,CSE,2,83,84,40,4,1,21.0,1
S0303,James Watts,CSE,1,39,31,94,1,1,21.1,1
S0304,Amanda Padilla,CIVIL,4,68,35,90,5,1,19.5,0
S0305,Elizabeth Beard,MECH,4,72,34,75,4,0,14.8,0
S0306,Brian Beasley,IT,4,73,81,53,2,0,3.4000000000000004,0
S0307,Paul Nunez,CIVIL,3,78,25,87,2,1,12.5,0
S0308,Ebony Walker,MECH,2,31,77,90,0,1,18.6,0
S0309,Linda Garcia,CSE,1,63,49,51,0,1,9.9,0
S0310,Amy Harmon,CSE,3,91,91,30,4,0,18.0,0
S0311,Mary Gregory,IT,3,42,61,67,2,0,9.8,0
S0312,Jodi Brooks,CSE,4,84,78,50,3,1,9.0,0
S0313,Cheyenne Perry,CSE,1,71,51,43,2,0,5.4,0
S0314,Kyle Saunders,IT,2,51,65,43,4,1,26.0,1
S0315,Christopher Rice,ECE,1,30,21,71,1,1,27.7,1
S0316,Samantha Davis,ECE,3,83,28,64,1,1,12.8,0
S0317,Steve Rodriguez,MECH,4,70,38,75,5,1,18.6,0
S0318,Kevin Rice,MECH,3,62,58,61,2,0,3.0,0
S0319,Karen Lopez,ECE,2,100,80,43,4,0,15.4,0
S0320,Joseph Harrison II,IT,4,73,96,38,3,1,11.4,0
S0321,Charles Schmidt,ECE,2,30,70,44,4,0,29.2,1
S0322,Angelica Wong,MECH,1,46,41,70,2,1,15.3,0
S0323,Barbara Dickerson,MECH,2,64,95,40,4,0,16.4,0
S0324,Zachary Nielsen,MECH,3,51,81,79,5,1,20.6,1
S0325,David Ware,CIVIL,4,60,24,30,3,0,17.8,0
S0326,Kimberly Smith,IT,3,61,48,97,1,0,2.2,0
S0327,Austin Jordan,MECH,4,63,94,88,3,0,0.8,0
S0328,Jennifer Luna,IT,4,46,59,41,3,1,18.400000000000002,0
S0329,Daniel Leach,CIVIL,2,77,21,81,2,1,13.7,0
S0330,Evan Mclean,IT,3,82,61,98,2,0,0.0,0
S0331,John Jones,IT,4,62,77,97,3,0,1.2000000000000002,0
S0332,Kevin Johnson,ECE,1,80,27,55,5,0,19.9,0
S0333,Barbara Larsen,CIVIL,3,42,42,58,3,0,14.000000000000002,0
S0334,Emily Chapman,IT,1,62,32,95,0,0,6.6,0
S0335,Kenneth Stevenson,CSE,4,42,55,51,0,0,13.000000000000002,0
S0336,Jeffery Williams,MECH,1,79,25,52,5,1,26.1,1
S0337,Michael Burton,MECH,2,52,60,92,2,1,10.2,0
S0338,Douglas Morris,IT,2,65,42,75,3,1,7.4,0
S0339,Jocelyn Garcia,ECE,3,49,98,87,3,0,6.4,0
S0340,Eric Allen,IT,4,56,37,98,2,0,7.5,0
S0341,Janet Preston,CIVIL,4,52,56,84,3,1,10.2,0
S0342,Brianna Thompson,CIVIL,1,63,89,32,4,1,23.4,1
S0343,Joshua English,IT,4,92,92,57,5,1,17.6,0
S0344,Kimberly Anderson,CSE,4,35,93,58,3,1,19.4,0
S0345,Heather Collins,IT,3,48,51,33,0,0,14.200000000000001,0
S0346,Michele Lynn,IT,2,34,97,68,4,1,27.8,1
S0347,Corey Simmons,IT,2,31,79,81,4,0,23.6,1
S0348,Frank Macias,MECH,1,54,47,42,5,1,25.900000000000002,1
S0349,Ryan Williams,MECH,3,34,85,67,1,1,18.0,0
S0350,Leah Curtis,CSE,2,100,64,99,0,1,5.0,0
S0351,James Guerrero,ECE,3,76,83,73,3,1,5.0,0
S0352,Paul Wilson,CIVIL,4,68,93,85,1,1,5.0,0
S0353,Eric Parsons,ECE,1,64,23,39,5,0,24.7,1
S0354,Ronald Wilson,ECE,3,98,33,43,5,0,20.5,1
S0355,Christopher Cummings,MECH,1,71,72,36,2,1,11.8,0
S0356,Donald Middleton,CIVIL,2,49,40,45,4,1,29.4,1
S0357,Maria Watson,CSE,1,53,80,91,1,1,9.8,0
S0358,Victoria Rose,IT,3,40,97,41,3,0,15.8,0
S0359,Casey Hammond,MECH,3,81,91,34,4,0,17.2,0
S0360,Aaron Lynn,CSE,4,91,21,34,1,1,20.9,1
S0361,Kimberly Watts,MECH,1,100,95,53,2,0,3.4000000000000004,0
S0362,Vanessa Randolph,MECH,1,79,67,36,3,0,6.800000000000001,0
S0363,Brian Lewis,ECE,1,30,77,81,3,0,14.0,0
S0364,Laura Cruz,IT,1,44,96,52,3,0,12.0,0
S0365,Christine Rivera,MECH,3,84,58,37,3,0,6.6000000000000005,0
S0366,Lisa Morris,CSE,2,65,74,67,0,1,5.6,0
S0367,Kelly Matthews DVM,CSE,4,56,65,42,4,0,19.200000000000003,0
S0368,Daniel Miller,ECE,3,84,56,38,1,1,11.4,0
S0369,Audrey Green,CIVIL,1,60,57,66,4,0,12.8,0
S0370,Samantha Levy,CIVIL,2,38,90,79,3,0,10.8,0
S0371,Melissa Griffin,CSE,1,70,22,85,1,1,13.4,0
S0372,Arthur Hartman,IT,2,42,81,100,1,1,14.200000000000001,0
S0373,Julia Baker,CIVIL,1,39,86,86,5,0,20.4,1
S0374,Theresa Myers,CSE,1,68,70,32,1,1,12.600000000000001,0
S0375,Lindsey Moore,CSE,1,33,27,52,1,0,23.3,1
S0376,Matthew Burgess,IT,2,100,87,92,5,1,15.0,0
S0377,Anthony Mosley,MECH,4,30,86,32,5,0,31.6,1
S0378,Michael Kramer,ECE,4,86,54,56,4,0,12.8,0
S0379,Anthony Roberts,CSE,2,56,47,97,2,1,9.5,0
S0380,Michelle Williams,IT,3,53,59,91,2,1,9.8,0
S0381,Melissa Moore,CIVIL,2,71,32,33,3,0,12.8,0
S0382,Ariel James,IT,1,54,56,92,0,0,4.4,0
S0383,Michelle Hall,ECE,3,97,93,57,4,0,12.6,0
S0384,Christina King,CIVIL,1,89,67,70,0,0,0.0,0
S0385,Dawn Wilson,CSE,4,47,58,60,2,1,14.2,0
S0386,Rebecca Patton,CIVIL,3,53,36,75,0,0,9.0,0
S0387,Mary Riley,MECH,1,97,45,59,3,0,3.7,0
S0388,Ariel Wells,IT,2,100,91,81,4,1,15.0,0
S0389,Christina Dawson,ECE,2,47,20,95,3,0,16.2,0
S0390,Michelle Kemp,CIVIL,2,50,22,52,0,1,23.0,1
S0391,Lauren Shah,ECE,2,37,48,32,0,0,19.400000000000002,0
S0392,Justin Allen,CSE,3,55,84,66,0,1,9.8,0
S0393,Julie Walker,ECE,3,63,28,42,0,1,18.0,0
S0394,Alexander Smith Jr.,CSE,2,57,36,81,4,1,22.4,1
S0395,Reginald Wiggins,CSE,2,93,51,86,5,0,10.0,0
S0396,Cameron Banks,CIVIL,1,44,77,42,0,0,14.0,0
S0397,Brittany Hammond,MECH,1,72,48,46,4,1,20.4,1
S0398,Natalie Chavez,MECH,1,34,63,91,3,1,17.4,0
S0399,Monica Eaton,CIVIL,4,100,63,59,3,1,7.2,0
S0400,Karen Huber,CSE,1,88,79,96,3,0,0.0,0
S0401,Ryan Hernandez,CIVIL,2,98,70,56,0,0,2.8000000000000003,0
S0402,Elizabeth Rodriguez,ECE,1,99,90,90,5,1,15.0,0
S0403,Jennifer Murphy,CSE,2,37,79,84,3,0,11.200000000000001,0
S0404,John Harrell,IT,4,92,29,33,0,0,13.7,0
S0405,Tyler Medina,CIVIL,1,46,96,81,1,0,7.6000000000000005,0
S0406,Kayla Green,MECH,3,78,99,76,1,1,5.0,0
S0407,Laura Mckenzie,IT,3,78,32,65,0,0,6.3999999999999995,0
S0408,John Carter,CIVIL,2,79,61,87,0,1,5.0,0
S0409,Mark Nguyen,MECH,3,100,80,87,1,0,0.0,0
S0410,Dr. Katherine Gonzalez,MECH,3,32,31,53,0,1,27.300000000000004,1
S0411,Megan Gonzalez,ECE,3,96,29,69,4,1,21.5,1
S0412,Mr. Nicolas Frazier,ECE,2,55,70,49,5,0,18.2,0
S0413,Mariah Wolfe,CSE,1,93,35,83,0,0,4.5,0
S0414,Brandon Massey,CIVIL,4,68,33,96,3,0,5.1,0
S0415,Steven Morgan,ECE,2,36,50,37,2,0,18.200000000000003,0
S0416,Sheila Simpson,CSE,1,47,72,91,0,0,7.2,0
S0417,Erica Spence,CSE,1,71,76,30,3,0,8.0,0
S0418,Amanda Le,CIVIL,2,41,37,99,2,0,13.500000000000002,0
S0419,Patrick Mills,IT,4,84,24,54,2,0,11.0,0
S0420,Diane Berg,ECE,2,48,87,53,1,1,15.200000000000001,0
S0421,Rachel Gonzalez,CIVIL,3,84,42,80,4,1,17.4,0
S0422,Caroline Lee,CSE,2,61,49,84,3,0,1.9000000000000001,0
S0423,Daniel Mitchell,IT,3,40,60,37,0,1,21.6,1
S0424,Katherine Cohen,CIVIL,4,91,80,91,2,1,5.0,0
S0425,Mr. Chad Morris,MECH,2,98,67,90,3,1,5.0,0
S0426,Erica Peterson,IT,4,59,65,94,2,1,7.4,0
S0427,Bryan Lewis,CSE,1,91,94,48,3,1,9.4,0
S0428,Paula Santana,ECE,1,61,77,82,1,1,6.6,0
S0429,Jennifer Chavez,CIVIL,3,84,93,70,2,1,5.0,0
S0430,Amanda Santos,CIVIL,4,50,34,75,1,0,10.8,0
S0431,Margaret Perkins,MECH,4,74,44,77,4,0,11.8,0
S0432,Crystal Kane,ECE,1,68,80,92,1,0,0.0,0
S0433,Beth Martinez,MECH,3,94,64,37,0,1,11.600000000000001,0
S0434,Patricia Wilcox MD,ECE,4,72,25,47,3,0,12.100000000000001,0
S0435,Bob Perkins,CIVIL,3,60,21,79,0,0,10.7,0
S0436,Kyle Henson,CSE,4,57,98,79,2,0,3.2,0
S0437,Tiffany Martinez,CSE,3,71,89,62,0,1,6.6,0
S0438,David Bowers,IT,1,51,77,40,1,1,16.6,0
S0439,Susan Price,MECH,3,37,36,54,2,0,18.6,0
S0440,Casey Gross,IT,1,85,48,41,1,1,11.4,0
S0441,Carol Rose,CSE,2,89,38,61,2,0,5.3999999999999995,0
S0442,Vincent Robinson,CIVIL,4,92,85,31,5,0,17.8,0
S0443,Karen Hill,ECE,2,37,80,89,1,0,11.200000000000001,0
S0444,Jack Mcknight,MECH,2,73,39,78,0,0,3.3,0
S0445,Joseph Nelson,ECE,4,72,29,67,4,1,21.9,1
S0446,Francisco Knight,IT,2,58,53,67,2,1,8.4,0
S0447,Greg Collins,IT,4,64,50,57,1,0,3.0,0
S0448,Benjamin Clarke,CIVIL,2,53,91,45,4,0,19.8,0
S0449,Erin Davis,CSE,2,61,55,93,2,1,6.6,0
S0450,Mark Carter,MECH,4,76,73,54,4,1,18.2,0
S0451,Jamie Thomas,MECH,1,49,55,75,3,0,6.4,0
S0452,Marc Mclaughlin,IT,4,53,45,50,0,0,10.3,0
S0453,Mary Rogers,CIVIL,4,44,76,40,5,1,29.4,1
S0454,Stacey Lawson,MECH,4,97,92,34,5,0,17.2,0
S0455,Jamie Wilson,IT,4,77,66,39,2,0,6.2,0
S0456,Michelle Clayton,CIVIL,1,96,98,100,3,0,0.0,0
S0457,Nicholas Randolph,CIVIL,2,100,35,33,0,1,16.9,0
S0458,Victoria Case,MECH,3,31,85,91,4,1,28.6,1
S0459,Dana Jacobs,CIVIL,1,91,45,34,4,1,23.7,1
S0460,Bruce Munoz,ECE,3,49,58,48,2,1,15.8,0
S0461,Mark Martinez,CIVIL,2,78,46,35,0,0,8.2,0
S0462,Sarah Tucker,CSE,3,56,25,78,0,1,16.1,0
S0463,Barbara Keller,ECE,4,90,63,88,5,0,10.0,0
S0464,Dustin Tran,CSE,1,30,67,59,1,1,21.2,1
S0465,Stephen Reyes,ECE,3,31,53,75,4,1,28.6,1
S0466,Felicia Ball,CSE,1,47,24,44,3,0,20.2,1
S0467,Alexis Crawford,IT,1,70,48,62,2,1,7.2,0
S0468,Megan Higgins,CSE,2,61,61,32,3,0,9.200000000000001,0
S0469,Michele Freeman,CSE,1,39,67,94,3,0,10.4,0
S0470,Angela Donovan,ECE,2,40,82,60,2,1,17.0,0
S0471,David Sanchez,CSE,2,91,64,100,2,0,0.0,0
S0472,Samuel Lopez,CSE,1,34,64,99,5,1,27.4,1
S0473,Sarah Deleon,ECE,4,83,53,40,4,0,16.0,0
S0474,Sylvia Bailey,IT,3,76,93,89,5,1,15.0,0
S0475,Robert Wilkerson,MECH,4,83,25,77,3,0,7.5,0
S0476,Samuel Garcia,CIVIL,3,67,89,75,2,0,0.0,0
S0477,Melissa Cox,ECE,3,56,75,55,5,0,16.6,0
S0478,Brandon Morales,MECH,1,45,66,96,0,1,13.0,0
S0479,Amber Jones,MECH,2,60,79,96,2,1,7.0,0
S0480,Adam Huang,MECH,4,85,44,43,5,0,17.2,0
S0481,Heather Chaney,MECH,1,34,34,61,0,0,19.0,0
S0482,Dr. Kevin Wilson Jr.,CSE,3,47,43,90,5,1,24.3,1
S0483,Carmen Curry,IT,2,60,29,75,1,1,13.3,0
S0484,Luis Garcia,ECE,3,60,32,62,2,0,9.0,0
S0485,Eric Schmidt,MECH,4,83,36,78,5,1,19.2,0
S0486,Natalie Lynch,MECH,4,97,27,66,0,0,7.699999999999999,0
S0487,Sharon Mendoza,CIVIL,4,85,58,78,4,0,10.0,0
S0488,Kristin Wilson,IT,1,66,100,47,5,0,14.600000000000001,0
S0489,Miguel Burton,ECE,3,57,100,39,0,0,9.4,0
S0490,Roger Aguilar,CIVIL,4,41,58,57,5,0,22.200000000000003,1
S0491,Cynthia Lucas,ECE,2,61,75,42,3,0,7.200000000000001,0
S0492,Katherine Allen,CIVIL,3,86,35,32,0,1,17.1,0
S0493,Samantha Wood,MECH,3,75,25,39,3,0,13.7,0
S0494,Nicholas Jones,CSE,2,48,38,68,0,0,10.8,0
S0495,Steven Butler,CSE,1,53,88,77,4,0,14.8,0
S0496,Abigail Gillespie,CSE,1,40,42,86,3,1,17.4,0
S0497,Shelley Taylor,IT,4,56,60,41,3,1,14.4,0
S0498,Debra Parsons,CSE,2,48,55,65,2,0,7.800000000000001,0
S0499,Bradley Gaines,CSE,4,69,42,30,0,1,15.4,0
S0500,Eric Collins,ECE,3,49,28,96,5,1,28.0,1
S0501,Lisa Williams,ECE,2,72,58,83,4,0,10.0,0
S0502,Micheal Riley,MECH,1,79,76,48,2,0,4.4,0
S0503,Maria Crosby,CIVIL,3,88,95,65,5,1,16.0,0
S0504,Laura Howard,MECH,2,48,50,66,5,1,22.6,1
S0505,Matthew Ochoa,ECE,4,88,64,37,3,0,6.6000000000000005,0
S0506,Kevin Crawford,IT,4,88,55,80,1,0,0.0,0
S0507,Jack Cameron,IT,1,91,100,36,0,0,6.800000000000001,0
S0508,Cathy Daniels,CIVIL,3,68,85,91,0,0,0.0,0
S0509,William Perry,CIVIL,4,73,21,39,4,1,29.9,1
S0510,Elizabeth Holloway,CSE,1,83,57,72,2,1,5.0,0
S0511,Jeffery Smith,IT,4,62,52,66,2,1,7.0,0
S0512,Joanna Frye,IT,3,57,48,60,5,0,15.8,0
S0513,Christy Christian,IT,1,49,77,72,5,0,16.4,0
S0514,Scott Benjamin,IT,2,74,25,87,2,0,7.5,0
S0515,Erin Nelson,MECH,2,81,55,83,5,1,15.0,0
S0516,Amy Vance,CIVIL,1,60,80,37,3,1,13.600000000000001,0
S0517,Stacey Martinez,IT,4,73,28,39,1,0,12.8,0
S0518,Joseph Alexander,CIVIL,2,42,45,57,2,0,13.3,0
S0519,Gregory Chen,CSE,2,39,56,78,3,1,15.4,0
S0520,Barbara Perez,CIVIL,3,100,93,68,4,0,10.4,0
S0521,Jill Shaffer,CIVIL,1,91,99,98,2,1,5.0,0
S0522,Debra Smith,CIVIL,2,84,77,74,4,1,15.0,0
S0523,Ana Hicks,MECH,3,79,78,94,2,1,5.0,0
S0524,Amanda Lin DDS,IT,1,58,88,90,5,0,12.8,0
S0525,Chris Chang,CSE,2,63,25,33,5,1,30.700000000000003,1
S0526,Tristan Dennis,IT,4,60,93,49,4,0,16.2,0
S0527,Vanessa Taylor,CIVIL,1,34,72,83,1,0,12.4,0
S0528,David Carr,ECE,3,75,74,87,3,0,0.0,0
S0529,Kimberly Ashley,CIVIL,1,36,99,71,0,0,11.600000000000001,0
S0530,Phillip Alvarez,CIVIL,4,75,97,46,5,0,14.8,0
S0531,Cristina Gonzales,MECH,2,73,34,63,4,1,21.2,1
S0532,Rebecca Allen,ECE,2,58,79,92,3,1,7.800000000000001,0
S0533,William Burns,CSE,1,73,59,50,1,0,4.0,0
S0534,Debbie Harrison,CIVIL,3,92,95,59,0,1,7.2,0
S0535,Virginia Benson,IT,2,56,79,57,0,0,6.2,0
S0536,Stephanie Duncan,CIVIL,2,39,89,35,5,1,32.4,1
S0537,Kevin Greene,CSE,4,34,84,100,2,1,17.4,0
S0538,Steven Bowers,ECE,2,93,52,46,5,1,19.8,0
S0539,Chad Hernandez,IT,3,39,60,87,2,0,10.4,0
S0540,Candice Anderson,CIVIL,2,85,60,62,1,1,6.6,0
S0541,Cheryl Wilkerson,CIVIL,1,81,85,75,1,1,5.0,0
S0542,Natalie Rowland,CSE,2,52,82,92,1,1,10.2,0
S0543,Adam Banks,ECE,4,36,20,48,5,1,40.0,1
S0544,Brandon Hall,CSE,4,51,57,70,5,0,15.600000000000001,0
S0545,Mrs. Susan Robles,IT,2,53,53,85,1,1,9.8,0
S0546,Ashley Harrison,CSE,4,95,43,52,0,1,10.7,0
S0547,Caitlin Joseph,MECH,3,72,70,43,4,1,20.4,1
S0548,Tom Wilson,ECE,4,46,83,86,2,0,7.6000000000000005,0
S0549,Tabitha Martinez,CSE,2,78,58,33,3,1,12.4,0
S0550,Steven Wilkinson,CIVIL,4,67,95,46,0,0,4.800000000000001,0
S0551,Richard Horne,ECE,1,34,49,92,3,0,12.700000000000001,0
S0552,Gloria Johnson,CIVIL,4,38,54,97,4,1,25.8,1
S0553,Richard Smith,IT,2,95,89,47,5,0,14.600000000000001,0
S0554,Jose Jones,MECH,4,35,58,72,5,1,27.0,1
S0555,Shirley Freeman,ECE,3,73,28,47,4,1,26.2,1
S0556,Brian Velasquez,ECE,1,30,57,78,0,1,19.0,0
S0557,Morgan Hayden,CIVIL,3,90,93,81,5,1,15.0,0
S0558,Kathleen Williams,IT,2,53,37,42,5,0,24.3,1
S0559,Christine Rodgers,ECE,4,72,73,66,3,1,5.8,0
S0560,Frank Martinez,MECH,2,55,60,100,1,0,4.0,0
S0561,William Schneider,IT,4,39,58,33,0,1,22.8,1
S0562,Mary Brown,ECE,2,45,48,34,5,0,25.8,1
S0563,Jillian Moore,IT,4,90,26,42,2,1,17.8,0
S0564,Keith Hunter,IT,1,95,37,95,0,1,8.9,0
S0565,Joshua Ellis,MECH,2,76,95,45,1,0,5.0,0
S0566,James Bradshaw,IT,4,30,99,99,1,1,19.0,0
S0567,Chelsea Davis,IT,1,65,27,86,5,1,21.9,1
S0568,Thomas Jimenez,CIVIL,2,46,67,51,5,0,21.4,1
S0569,Roy Jones,CSE,4,62,24,43,4,0,24.4,1
S0570,Tonya Simpson,CIVIL,3,87,94,65,0,1,6.0,0
S0571,Martin Kent,IT,1,41,23,69,0,1,22.900000000000002,1
S0572,Andres Cook,CIVIL,3,61,48,32,4,0,19.8,0
S0573,Jennifer Padilla,IT,1,79,33,93,0,1,10.1,0
S0574,Jodi Ball,IT,4,93,42,31,4,0,20.200000000000003,1
S0575,Debra Harper,CIVIL,1,91,47,33,1,0,8.3,0
S0576,Michael Burns,ECE,1,77,33,79,0,1,10.1,0
S0577,Ashley Miller,MECH,4,39,86,95,4,1,25.4,1
S0578,Charles Morgan,CSE,3,60,70,59,5,0,14.2,0
S0579,Marc Carter,CIVIL,4,96,71,88,2,0,0.0,0
S0580,Joel Ramirez,CIVIL,2,73,100,87,0,0,0.0,0
S0581,Jessica Cox,ECE,4,30,38,49,1,1,26.8,1
S0582,Nicole Jones,ECE,1,91,34,70,0,0,4.8,0
S0583,Javier Allen,IT,4,91,44,32,1,1,14.4,0
S0584,Eduardo Sims,IT,3,96,96,68,4,1,15.4,0
S0585,Jennifer Johnson,IT,2,68,27,92,5,0,16.9,0
S0586,Sarah Scott,IT,3,47,45,86,5,0,18.7,0
S0587,Jason Smith,MECH,1,58,50,100,5,1,17.8,0
S0588,Eileen Hayes,ECE,1,42,82,99,1,1,14.200000000000001,0
S0589,Elizabeth Reed,MECH,1,77,52,82,4,0,10.0,0
S0590,Kristopher Abbott,CIVIL,3,31,25,75,2,0,21.1,1
S0591,Beth Baxter,MECH,2,71,66,94,5,0,10.0,0
S0592,Molly Jenkins,CIVIL,2,78,34,98,0,1,9.8,0
S0593,Kristin Roberts,MECH,4,46,49,44,4,1,28.1,1
S0594,Dawn Johnson,ECE,3,33,94,76,5,1,27.8,1
S0595,Stephen Richardson,MECH,4,48,54,94,5,0,16.8,0
S0596,Ralph Miller,MECH,4,46,55,47,0,0,12.200000000000001,0
S0597,Kaylee Rose,MECH,4,66,24,30,2,0,15.8,0
S0598,Tricia Greene,MECH,1,93,82,48,4,1,19.4,0
S0599,Shannon Chase,CSE,4,36,41,51,1,1,23.1,1
S0600,George Knapp,ECE,1,64,52,84,1,0,0.4,0
S0601,Ronald Mason,IT,4,95,52,64,0,0,1.2000000000000002,0
S0602,Bryan Reed,CSE,1,78,67,86,3,0,0.0,0
S0603,Jordan Wolf,IT,2,59,22,38,2,0,17.200000000000003,0
S0604,William Drake,ECE,3,40,95,99,1,0,10.0,0
S0605,Dr. Jose Jenkins DVM,CIVIL,3,49,22,82,5,1,29.8,1
S0606,Emily Gonzalez,IT,2,48,72,59,5,0,19.0,0
S0607,Kathleen Murphy,CSE,2,33,21,37,3,0,28.1,1
S0608,Douglas Long,MECH,3,68,93,90,0,1,5.0,0
S0609,Richard Vaughan,CIVIL,4,47,79,59,0,1,14.4,0
S0610,Stephen Estrada,ECE,3,90,42,64,1,0,3.6,0
S0611,Kaylee Wallace,ECE,3,99,89,98,4,0,10.0,0
S0612,Katie Delgado,MECH,2,54,51,47,2,1,14.0,0
S0613,Kevin Ingram,ECE,3,57,59,56,1,0,6.0,0
S0614,Debra Ayers,MECH,2,42,98,41,1,1,20.0,0
S0615,Curtis Walker,CIVIL,2,41,33,99,4,0,24.700000000000003,1
S0616,Juan Armstrong,IT,2,36,100,83,5,0,21.6,1
S0617,Brittany Collins,CIVIL,2,93,22,65,1,0,9.4,0
S0618,Garrett Quinn,IT,2,67,41,78,0,0,2.6999999999999997,0
S0619,Amber Thomas,CIVIL,1,70,58,78,3,1,5.0,0
S0620,Kevin Lucas,IT,2,95,87,87,4,1,15.0,0
S0621,Mary Johnson,IT,1,89,65,70,4,0,10.0,0
S0622,Leslie Waller,ECE,1,86,81,92,1,0,0.0,0
S0623,Michelle Nash,CIVIL,1,60,29,71,0,1,13.3,0
S0624,Kevin Green,CSE,1,36,52,100,1,1,16.6,0
S0625,Lisa Santiago,ECE,4,42,22,88,4,0,27.6,1
S0626,Connie Cooper,CSE,3,48,44,69,5,1,23.8,1
S0627,Daniel Rodriguez,ECE,2,81,90,70,4,0,10.0,0
S0628,Rebecca Martin,IT,3,85,20,39,4,1,30.2,1
S0629,Christopher Spencer,ECE,2,62,43,79,1,0,3.3000000000000003,0
S0630,Madison Frey,IT,4,75,68,33,2,0,7.4,0
S0631,Denise Perez,ECE,4,85,28,50,4,1,25.6,1
S0632,Jason Nguyen,MECH,3,76,59,58,0,1,7.4,0
S0633,Lynn Smith,MECH,3,86,44,51,2,0,5.6,0
S0634,Carlos Farrell,IT,2,95,33,33,5,1,27.5,1
S0635,Lauren Lewis,CSE,2,60,45,54,3,0,6.7,0
S0636,Richard White,IT,3,30,87,51,0,1,22.8,1
S0637,Kimberly Adkins,ECE,1,83,91,31,4,1,22.8,1
S0638,Tina Larson,IT,4,91,87,83,0,0,0.0,0
S0639,Carrie Zuniga,IT,1,84,42,80,0,0,2.4,0
S0640,Ryan Smith,MECH,4,38,42,49,3,0,17.400000000000002,0
S0641,Mitchell Chavez,CSE,4,31,21,54,1,1,30.5,1
S0642,Cindy Maddox,IT,1,76,35,83,3,0,4.5,0
S0643,Lori Russell,ECE,4,86,67,46,0,0,4.800000000000001,0
S0644,Shawn Sims,IT,3,63,90,71,4,0,10.8,0
S0645,Anthony Mclean,CIVIL,4,94,25,80,0,0,7.5,0
S0646,Michael Benson,MECH,1,40,52,47,2,0,14.600000000000001,0
S0647,Donna Williams,ECE,1,40,87,46,4,0,24.8,1
S0648,Bianca Allen,CIVIL,4,49,38,49,4,1,29.2,1
S0649,Debra Jones,MECH,3,81,68,46,2,0,4.800000000000001,0
S0650,Steve Zimmerman,IT,1,38,96,39,1,1,22.0,1
S0651,Richard Strong,CIVIL,1,66,25,75,4,1,22.5,1
S0652,Christopher Mcguire,MECH,2,61,93,48,3,1,11.0,0
S0653,Bradley Colon,CIVIL,1,72,51,49,3,0,4.2,0
S0654,Carolyn Matthews,IT,2,39,22,30,2,0,26.8,1
S0655,Scott Rasmussen,ECE,4,65,68,30,1,1,13.0,0
S0656,Diane Medina,CSE,3,71,86,82,3,1,5.0,0
S0657,Mark Gill,CSE,2,55,79,44,1,1,14.2,0
S0658,Julia Johnson,CIVIL,4,94,99,55,5,0,13.0,0
S0659,Darren Jackson,IT,1,66,79,70,3,0,0.0,0
S0660,Deborah Clay,ECE,1,87,88,58,0,1,7.4,0
S0661,Mr. Chris Smith Jr.,ECE,4,95,95,69,0,0,0.2,0
S0662,Sharon Jackson,CSE,4,65,28,52,3,1,15.2,0
S0663,Amanda Gross,CSE,3,81,76,71,1,1,5.0,0
S0664,Jason Joyce,CIVIL,1,93,41,87,3,1,7.699999999999999,0
S0665,Robert Carroll,CSE,1,45,77,84,0,0,8.0,0
S0666,Selena Downs,IT,1,98,70,90,4,1,15.0,0
S0667,Lisa Hernandez,IT,4,64,33,98,1,1,10.5,0
S0668,Samuel York,MECH,3,36,83,84,3,0,11.600000000000001,0
S0669,Courtney Phillips,CSE,3,94,56,32,2,0,7.6000000000000005,0
S0670,Brent Davis,IT,1,57,88,88,1,0,3.2,0
S0671,Jessica Johnson,IT,2,59,33,70,2,1,12.5,0
S0672,Dennis Ritter DVM,CSE,4,35,52,41,2,1,22.8,1
S0673,Jaclyn Hall,MECH,2,99,59,53,3,1,8.4,0
S0674,Stephanie Burgess,IT,4,76,41,94,0,0,2.6999999999999997,0
S0675,John Knight,IT,1,59,46,34,0,0,10.8,0
S0676,David Munoz,IT,3,84,81,90,4,1,15.0,0
S0677,Lisa Cline,IT,3,73,44,44,3,1,12.0,0
S0678,Jody Myers,IT,4,81,98,68,4,0,10.4,0
S0679,Beverly Pratt,CIVIL,1,45,30,49,5,1,33.2,1
S0680,Andrea Taylor,ECE,2,46,46,54,1,1,17.0,0
S0681,Walter Hogan,CIVIL,2,71,98,46,1,1,9.8,0
S0682,Yvonne Roberts,CIVIL,1,35,86,30,2,0,20.0,0
S0683,Samantha White,ECE,1,71,71,80,2,0,0.0,0
S0684,Michael Gamble,IT,3,89,21,39,1,1,19.9,0
S0685,Tyler Harris,IT,4,68,26,80,3,0,7.199999999999999,0
S0686,Michael Edwards,CSE,3,40,35,45,3,0,19.5,0
S0687,Kimberly Hale,CIVIL,4,69,34,46,2,1,14.600000000000001,0
S0688,Barbara Rivera,IT,2,86,46,100,5,0,11.2,0
S0689,Michael Bates,ECE,3,60,48,77,5,1,17.6,0
S0690,Brenda Patel,IT,4,35,54,86,5,0,22.0,1
S0691,Michael Wells,ECE,1,38,36,31,5,1,37.8,1
S0692,Elizabeth Ortiz,IT,3,53,61,68,3,0,5.200000000000001,0
S0693,Eric Dunn,CSE,1,43,77,43,2,1,19.200000000000003,0
S0694,Courtney Golden,IT,1,35,74,85,2,0,12.0,0
S0695,Crystal Sullivan,ECE,1,53,55,45,4,1,24.8,1
S0696,Brooke Perry,CSE,1,48,79,59,1,1,14.0,0
S0697,Michael Noble,CIVIL,3,95,60,66,5,0,10.8,0
S0698,Michael Wolf,IT,3,36,31,76,4,1,32.3,1
S0699,Dr. James Gonzalez,CSE,2,42,28,79,4,0,25.8,1
S0700,Seth Davis,CIVIL,2,76,37,41,0,1,14.700000000000001,0
S0701,Amber Mcconnell,CIVIL,2,47,65,100,2,0,7.2,0
S0702,Mrs. Audrey Hernandez MD,CSE,3,82,29,35,3,0,13.3,0
S0703,Kathy Reyes,CSE,3,90,21,96,5,1,23.7,1
S0704,Jennifer Case,CIVIL,3,42,31,44,5,1,35.1,1
S0705,Dana Hester,CSE,2,59,90,51,0,0,6.200000000000001,0
S0706,Michelle Ruiz,MECH,3,46,69,42,0,0,13.200000000000001,0
S0707,Christopher Adams,ECE,2,88,68,81,0,1,5.0,0
S0708,Dwayne Fisher,IT,4,83,72,46,4,0,14.8,0
S0709,Daniel Johnson,IT,2,77,57,67,2,0,0.6000000000000001,0
S0710,Brandon Martin,MECH,2,81,84,36,1,1,11.8,0
S0711,Robert Liu,CSE,1,31,68,47,0,0,18.200000000000003,0
S0712,Miss Diane Lee,ECE,3,58,99,84,0,0,2.8000000000000003,0
S0713,Jamie Snyder,CIVIL,2,100,55,42,3,1,10.600000000000001,0
S0714,Ryan Fleming,MECH,4,70,50,55,3,0,3.0,0
S0715,Cheryl Carrillo,ECE,1,76,57,56,5,0,12.8,0
S0716,Joseph Brown,CSE,3,61,60,97,4,1,16.6,0
S0717,Sarah Taylor,IT,3,44,44,78,1,0,10.2,0
S0718,Scott Martin,CIVIL,1,77,86,92,5,1,15.0,0
S0719,Gina Brown,MECH,1,82,68,90,2,1,5.0,0
S0720,Reginald Brown,CSE,4,52,50,43,2,1,15.600000000000001,0
S0721,Nicole Davies,CIVIL,3,88,42,67,5,0,13.0,0
S0722,Ms. Samantha Weaver,MECH,3,31,24,89,3,1,26.400000000000002,1
S0723,Morgan Mason,CSE,3,71,26,83,1,0,7.199999999999999,0
S0724,Maria Scott,ECE,1,90,65,99,3,0,0.0,0
S0725,Logan Clark,ECE,4,74,79,37,2,0,6.6000000000000005,0
S0726,Mary Cooley,CSE,3,56,71,48,1,0,8.0,0
S0727,Lauren Cohen,MECH,3,98,45,39,1,1,12.7,0
S0728,Shelby Preston,IT,3,47,61,85,2,1,12.2,0
S0729,Robert Jordan,IT,2,49,35,68,5,0,21.3,1
S0730,Savannah Harper,ECE,4,44,36,72,2,1,17.6,0
S0731,Raymond Cochran,ECE,2,49,31,37,2,0,18.700000000000003,0
S0732,Kenneth Meyer,CIVIL,4,87,88,89,3,0,0.0,0
S0733,Cameron Davila,IT,3,62,71,60,4,1,18.2,0
S0734,Priscilla Sanders,ECE,2,61,25,76,1,0,9.1,0
S0735,Erica Hampton,ECE,4,77,73,85,0,0,0.0,0
S0736,Marilyn Douglas,IT,2,90,48,80,4,0,10.6,0
S0737,Chris Anderson,CIVIL,4,99,23,34,3,0,15.3,0
S0738,Michelle Henson,ECE,3,87,89,30,1,0,8.0,0
S0739,Jill Jones,MECH,1,66,94,81,5,0,10.0,0
S0740,Shawn Robinson,CIVIL,1,40,96,72,4,1,25.0,1
S0741,Michael Hall,IT,1,85,83,48,1,1,9.4,0
S0742,Steven Larson,CIVIL,4,39,70,42,2,1,21.0,1
S0743,Johnathan Scott,CIVIL,3,96,81,84,4,1,15.0,0
S0744,Justin Ryan,CSE,4,53,66,87,2,0,4.800000000000001,0
S0745,Samantha Romero,CIVIL,1,87,62,62,3,1,6.6,0
S0746,William Moore,ECE,4,33,87,82,4,1,27.8,1
S0747,David West,MECH,2,43,100,31,0,1,21.6,1
S0748,Steve Mullins,CIVIL,2,44,67,87,3,0,8.4,0
S0749,Tricia Perry,CIVIL,3,53,92,83,1,0,4.800000000000001,0
S0750,Michele Powell,CIVIL,1,88,94,84,3,1,5.0,0
S0751,Peter Pacheco,MECH,2,46,28,91,1,0,14.2,0
S0752,John Lopez,MECH,4,55,66,41,1,1,14.8,0
S0753,Philip Friedman,MECH,3,46,95,93,0,1,12.600000000000001,0
S0754,Frank Galvan,ECE,3,67,23,48,4,0,22.5,1
S0755,Brittany Martin,MECH,3,44,42,55,1,1,18.8,0
S0756,Jesse Roberts,MECH,3,47,95,60,5,1,24.2,1
S0757,Mary Collins,MECH,3,89,29,100,1,1,11.3,0
S0758,Christine Bowers MD,CIVIL,3,31,65,81,4,1,28.6,1
S0759,James Johnson,CSE,1,35,36,32,1,1,28.8,1
S0760,Lori Walton,ECE,3,36,28,39,4,0,34.400000000000006,1
S0761,Craig Armstrong,CIVIL,2,35,38,92,3,1,20.6,1
S0762,John Lambert,CSE,1,82,38,86,4,1,18.6,0
S0763,Derek Perez,MECH,4,64,38,88,3,1,9.0,0
S0764,Jake Martin,CSE,3,36,76,37,2,0,18.200000000000003,0
S0765,Michael Thomas,CSE,2,65,96,30,2,0,8.0,0
S0766,Steven Pacheco,CIVIL,3,70,54,35,4,0,17.0,0
S0767,Teresa Turner,MECH,3,69,40,54,4,1,21.2,1
S0768,Tanya Strong,MECH,2,45,30,41,0,0,19.8,0
S0769,Erica Snow,ECE,1,66,98,41,2,0,5.800000000000001,0
S0770,Jason Wu,MECH,3,30,80,75,4,1,29.0,1
S0771,Michael Hill,ECE,4,53,86,57,2,0,7.4,0
S0772,Andrea Sanders,ECE,2,45,98,43,2,0,13.4,0
S0773,Robin Brown,CSE,1,33,28,46,0,0,24.2,1
S0774,Sarah Benjamin,MECH,3,96,87,30,3,1,13.0,0
S0775,Nicole Woodard,CSE,2,77,95,34,1,0,7.2,0
S0776,Jacqueline Mcclure,ECE,4,31,78,79,4,1,28.6,1
S0777,Dawn Barajas,CIVIL,2,34,20,57,5,1,39.0,1
S0778,Kathryn Nelson,CIVIL,3,71,80,49,1,1,9.2,0
S0779,Brenda Chandler,IT,4,85,23,81,1,0,8.1,0
S0780,Ashley Parker,MECH,3,84,51,44,5,0,15.2,0
S0781,John Vargas,IT,1,71,22,52,1,1,17.0,0
S0782,William Williams,CIVIL,4,80,57,64,2,1,6.2,0
S0783,Monique King,ECE,1,91,41,87,2,0,2.6999999999999997,0
S0784,Joshua Jones,ECE,2,58,41,84,0,1,10.5,0
S0785,Albert Underwood,IT,3,61,97,42,2,0,7.200000000000001,0
S0786,Kayla Shea,ECE,1,42,44,78,3,1,16.0,0
S0787,Michael Hernandez,CIVIL,4,55,99,45,5,0,19.0,0
S0788,Anna Donaldson,CIVIL,3,71,74,67,3,0,0.6000000000000001,0
S0789,John Martinez,IT,2,71,32,78,1,1,10.399999999999999,0
S0790,David Hodges,CSE,4,47,95,74,3,1,12.2,0
S0791,Bradley Collins,ECE,3,61,81,31,5,0,19.4,0
S0792,George Carr,IT,1,81,75,70,1,0,0.0,0
S0793,Sandra Barnes,ECE,3,48,77,72,1,1,11.8,0
S0794,Troy Parker,IT,1,70,33,55,4,1,23.1,1
S0795,Natalie Joyce,ECE,3,62,61,78,2,1,6.2,0
S0796,April Castillo,CSE,3,68,51,41,0,1,10.8,0
S0797,Marilyn Jones,CIVIL,3,43,24,39,4,1,37.8,1
S0798,Christopher Jenkins,IT,4,40,54,97,1,0,10.0,0
S0799,Jill Mccoy,IT,2,71,38,34,1,1,15.8,0
S0800,Kristine Richardson,CIVIL,3,78,93,47,1,1,9.600000000000001,0
S0801,Kelsey Stanley,MECH,2,39,100,80,3,1,15.4,0
S0802,Robert Tucker,IT,4,53,85,70,2,1,9.8,0
S0803,Dennis Wyatt,IT,4,36,86,61,2,0,13.400000000000002,0
S0804,Craig Taylor,IT,3,98,48,62,2,1,7.2,0
S0805,Michelle Wolfe,MECH,3,66,66,84,1,1,5.0,0
S0806,Angela Davis,IT,4,97,53,37,3,0,6.6000000000000005,0
S0807,Lisa Morgan,MECH,1,63,47,71,4,1,16.7,0
S0808,Mary Salas,IT,4,45,94,89,0,1,13.0,0
S0809,Christian Tran,ECE,1,78,39,42,0,1,13.9,0
S0810,Jeanne Lopez,ECE,3,44,47,70,3,0,9.3,0
S0811,Karina Byrd,CSE,1,43,90,60,3,0,10.8,0
S0812,Morgan Coffey,CSE,1,67,23,98,3,1,13.1,0
S0813,Adam Rose,IT,4,40,97,81,5,1,25.0,1
S0814,Sara Smith,IT,2,98,39,79,2,1,8.3,0
S0815,Amanda Williams,ECE,3,38,59,71,1,1,15.8,0
S0816,Deborah Brooks,MECH,1,66,73,35,5,1,22.0,1
S0817,Cynthia Hernandez,ECE,4,71,78,52,4,0,13.6,0
S0818,Brandy Wade,ECE,1,49,90,88,5,1,21.4,1
S0819,Bryan Arias,MECH,3,54,42,86,1,1,11.8,0
S0820,Jonathan Garcia,IT,4,82,26,64,1,0,8.399999999999999,0
S0821,Omar Crawford,CSE,3,99,60,75,1,0,0.0,0
S0822,Tanya Brewer,IT,2,48,74,36,2,1,18.6,0
S0823,Todd Lawson,ECE,3,58,61,58,2,0,5.200000000000001,0
S0824,Virginia Hill,IT,3,51,51,64,0,1,11.8,0
S0825,Mitchell Rogers,IT,1,41,69,64,3,1,15.8,0
S0826,Rebecca Wright,ECE,2,41,46,92,0,0,10.8,0
S0827,April Cross,CIVIL,4,84,87,55,1,0,3.0,0
S0828,Brandi Juarez,CSE,2,48,30,99,1,1,17.8,0
S0829,Sandra Harrison,ECE,2,59,62,50,0,0,6.4,0
S0830,Richard Hoover,IT,3,53,92,44,3,0,10.0,0
S0831,Cynthia Howell,CSE,1,82,100,76,2,1,5.0,0
S0832,Stephen Lopez,CIVIL,4,87,67,71,0,1,5.0,0
S0833,Sara Estes,CIVIL,1,87,78,80,3,0,0.0,0
S0834,Jeffrey Wilcox,IT,2,38,67,51,2,1,19.6,0
S0835,Allison Wright MD,IT,1,43,49,70,3,1,14.100000000000001,0
S0836,Mitchell Rogers,CSE,2,83,100,92,1,0,0.0,0
S0837,Tiffany Wilson,MECH,4,71,25,97,2,1,12.5,0
S0838,Cameron Cowan,IT,4,74,58,70,0,1,5.0,0
S0839,Bethany Carney,IT,1,48,81,78,4,0,16.8,0
S0840,Emily Brooks,ECE,3,51,41,69,1,0,8.5,0
S0841,Katherine Moore,MECH,2,63,36,32,4,1,27.6,1
S0842,Patrick Middleton,CSE,2,81,83,77,3,0,0.0,0
S0843,Carmen Wilson,ECE,2,54,79,33,2,0,11.8,0
S0844,Shane Rich,ECE,3,99,27,41,4,1,27.7,1
S0845,Ellen Spencer,IT,1,83,89,32,1,1,12.600000000000001,0
S0846,James Wright,ECE,3,44,65,60,1,1,15.4,0
S0847,Hector Holden,MECH,3,65,88,53,3,0,3.4000000000000004,0
S0848,Elizabeth Fuller,CIVIL,2,95,23,62,5,0,19.7,0
S0849,Fernando Jones DDS,ECE,3,52,97,55,5,1,23.2,1
S0850,Cole Smith,MECH,3,85,44,30,2,1,14.8,0
S0851,Samantha Hamilton,IT,1,58,47,57,3,0,6.300000000000001,0
S0852,Austin Snyder,MECH,2,65,22,44,0,0,13.600000000000001,0
S0853,Dalton Miller,IT,2,82,34,36,1,1,16.6,0
S0854,Ian Alexander,CSE,4,92,86,40,4,1,21.0,1
S0855,Jeffrey Escobar,CIVIL,2,41,84,56,1,1,17.400000000000002,0
S0856,Brian Kirby,CIVIL,2,60,75,52,4,0,15.6,0
S0857,Daniel Golden,ECE,4,85,98,98,5,1,15.0,0
S0858,Richard Conway,CSE,2,97,98,90,5,1,15.0,0
S0859,Elizabeth Rodriguez,CSE,3,78,70,36,0,0,6.800000000000001,0
S0860,Kelly Lopez,CIVIL,2,90,30,33,2,1,18.4,0
S0861,Karen Jackson,ECE,1,70,80,79,1,1,5.0,0
S0862,Jeremy Dixon,MECH,3,73,58,70,4,1,15.0,0
S0863,Jamie Campbell,CSE,2,100,37,58,3,0,6.300000000000001,0
S0864,Dr. Jerry Bush,ECE,1,69,32,80,4,0,15.399999999999999,0
S0865,Amy Barton,MECH,2,70,30,59,3,1,13.2,0
S0866,Daniel Wang,IT,3,32,43,47,2,0,19.900000000000002,0
S0867,Trevor Camacho,MECH,3,74,58,83,4,0,10.0,0
S0868,Amber Howard,ECE,1,58,27,100,2,0,9.7,0
S0869,Michelle Smith,CIVIL,1,78,87,64,0,0,1.2000000000000002,0
S0870,Pamela Martin,MECH,2,84,99,96,0,1,5.0,0
S0871,Nicholas Spears,CSE,3,99,96,41,2,0,5.800000000000001,0
S0872,Valerie Roberson,MECH,2,84,76,85,2,0,0.0,0
S0873,Tristan Mccarthy,IT,4,62,60,77,0,1,6.2,0
S0874,Sharon Davis,IT,3,90,53,36,1,0,6.800000000000001,0
S0875,Mackenzie Johnson,ECE,4,48,44,92,1,0,8.600000000000001,0
S0876,Aaron English,IT,3,64,46,75,1,0,1.6,0
S0877,Alexandria Barker,ECE,1,43,30,34,1,0,22.0,1
S0878,Jennifer Moreno,ECE,1,84,43,90,4,0,12.1,0
S0879,Christine Solis,IT,2,87,57,99,3,1,5.0,0
S0880,Stephen King,MECH,2,35,92,86,1,1,17.0,0
S0881,Alicia Nichols,CIVIL,4,57,83,63,5,0,14.600000000000001,0
S0882,Robert Martinez,MECH,4,43,94,80,3,0,8.8,0
S0883,Bethany Valenzuela,MECH,4,57,71,75,0,1,8.2,0
S0884,Erica Anderson,MECH,2,52,45,51,5,1,25.5,1
S0885,Vicki Rosario,CSE,3,72,98,87,2,0,0.0,0
S0886,Nathaniel Koch,MECH,2,32,34,90,0,1,23.0,1
S0887,Eric Hall,CSE,2,58,69,74,4,1,17.8,0
S0888,Samuel Velazquez,MECH,4,98,81,39,1,0,6.2,0
S0889,Lisa Holmes,MECH,4,48,51,71,1,0,6.800000000000001,0
S0890,Lisa Anderson,MECH,4,45,83,51,3,1,16.8,0
S0891,Donna Sanchez MD,ECE,4,63,26,62,4,0,19.6,0
S0892,Dawn Clark,CSE,3,95,70,53,4,0,13.4,0
S0893,Leslie Holmes,CIVIL,3,80,51,32,4,1,22.6,1
S0894,John Valdez,MECH,2,45,97,45,5,1,28.0,1
S0895,Alicia Robertson,IT,3,40,56,90,4,1,25.0,1
S0896,Kayla Watkins,CSE,3,51,67,76,3,0,5.6000000000000005,0
S0897,Christopher Lopez,IT,1,73,97,67,0,1,5.6,0
S0898,Jennifer White,CSE,2,36,69,55,5,1,29.6,1
S0899,Brenda Perez,ECE,2,53,48,34,4,0,22.6,1
S0900,Christine Finley,CSE,3,73,49,36,4,0,17.1,0
S0901,David Brown,MECH,1,36,47,97,4,1,27.5,1
S0902,Dustin Barton,IT,2,85,85,37,3,1,11.600000000000001,0
S0903,Victoria Mendoza,MECH,2,74,44,97,3,0,1.7999999999999998,0
S0904,Edgar Best,ECE,1,67,20,38,5,0,25.4,1
S0905,Gregory Armstrong,ECE,3,59,25,93,3,0,9.9,0
S0906,Joanna Levine,IT,4,45,86,94,5,1,23.0,1
S0907,Anthony Welch,IT,4,68,39,65,2,1,9.3,0
S0908,Joshua Ruiz,MECH,4,89,60,93,1,1,5.0,0
S0909,Patricia Farmer,IT,1,68,71,51,4,0,13.8,0
S0910,Ashley Castillo,CSE,2,48,84,31,0,1,19.6,0
S0911,Monique Fox,CSE,2,87,43,95,0,0,2.1,0
S0912,Robert Miles,MECH,3,65,58,41,3,0,5.800000000000001,0
S0913,David Long,CIVIL,2,83,91,78,4,1,15.0,0
S0914,Kayla Rice,CIVIL,3,99,47,80,4,0,10.9,0
S0915,Christine Osborne,CSE,3,34,49,55,1,1,20.700000000000003,1
S0916,Raymond Brown,CSE,2,97,44,55,1,0,4.8,0
S0917,Rodney Howell,CIVIL,4,73,46,74,3,1,6.2,0
S0918,Barbara Mills,MECH,4,64,72,52,1,1,9.0,0
S0919,Matthew Blackburn,MECH,3,100,84,94,2,1,5.0,0
S0920,Kerry Johnson,CIVIL,4,57,42,95,4,0,15.6,0
S0921,Deanna King,MECH,1,92,92,69,4,1,15.2,0
S0922,John Delacruz,CSE,3,44,77,64,1,1,14.600000000000001,0
S0923,Samuel Jackson,MECH,3,94,29,99,3,0,6.3,0
S0924,William White,ECE,4,46,100,33,4,0,25.0,1
S0925,Susan Yates,IT,4,92,69,33,3,0,7.4,0
S0926,Donald Maldonado,CSE,1,31,92,42,5,1,34.2,1
S0927,Tanya Coleman,CIVIL,3,65,35,69,1,0,4.7,0
S0928,Shannon Morris,CSE,1,80,43,85,3,1,7.1,0
S0929,Louis Diaz,MECH,1,40,68,37,5,1,31.6,1
S0930,Eddie Zavala,IT,1,96,69,87,2,0,0.0,0
S0931,Shane Chapman,ECE,1,58,61,38,2,1,14.200000000000001,0
S0932,Jodi Miller,IT,3,97,75,72,3,0,0.0,0
S0933,Brian Stevens,IT,4,65,78,60,2,0,2.0,0
S0934,Jill Davila,IT,1,66,40,63,3,1,9.4,0
S0935,Stacy Lopez,ECE,4,38,38,94,4,0,24.4,1
S0936,John Hines,MECH,3,30,44,38,3,0,22.200000000000003,1
S0937,Stephen Parker,IT,4,34,70,69,4,1,27.6,1
S0938,Justin Cain,CIVIL,2,67,64,39,5,1,21.2,1
S0939,Elizabeth Arias,ECE,2,43,83,68,2,0,9.200000000000001,0
S0940,Laura Newton,ECE,2,30,56,98,2,1,19.0,0
S0941,Kimberly Berry,CSE,1,90,46,51,3,0,5.0,0
S0942,Cameron Richardson,CIVIL,2,83,56,93,3,0,0.0,0
S0943,Nicholas Cervantes,CIVIL,4,35,64,52,0,0,15.6,0
S0944,Robert Fox,CSE,2,77,34,90,5,1,19.8,0
S0945,Dr. James Callahan,CSE,3,86,70,55,2,0,3.0,0
S0946,Robert Morton,CSE,4,47,56,37,3,0,13.8,0
S0947,Jacob Lee,IT,3,39,60,58,5,0,22.8,1
S0948,Crystal Robinson,MECH,3,70,37,81,0,0,3.9,0
S0949,Jason Buchanan,ECE,3,54,53,90,0,0,4.4,0
S0950,William Jenkins,IT,3,77,84,100,3,1,5.0,0
S0951,Holly Rivera,CIVIL,2,94,88,43,0,0,5.4,0
S0952,Shari King,CSE,4,50,85,31,3,0,13.8,0
S0953,Erica Clarke,CSE,3,41,31,57,5,1,32.900000000000006,1
S0954,Mark Pace,MECH,1,35,82,55,4,1,30.0,1
S0955,Tracy Smith,CIVIL,3,41,43,51,2,0,15.500000000000002,0
S0956,Elizabeth Howard,IT,3,100,70,100,0,1,5.0,0
S0957,Tammy Bell,CSE,3,41,37,45,4,0,28.5,1
S0958,Brent Shaw,ECE,3,58,94,41,2,1,13.600000000000001,0
S0959,Donna Hale,CSE,1,81,63,77,1,0,0.0,0
S0960,Edward Roberts,CIVIL,2,51,78,89,2,1,10.600000000000001,0
S0961,Allison Cook,CIVIL,2,40,54,71,0,0,10.0,0
S0962,Erika Tran,CIVIL,4,62,94,52,1,0,4.800000000000001,0
S0963,Olivia Perez,MECH,3,64,29,66,4,0,17.5,0
S0964,William Sexton,CIVIL,1,80,32,58,2,0,7.8,0
S0965,Nathan Drake,IT,3,83,92,35,1,0,7.0,0
S0966,Joseph Adams,CIVIL,2,89,61,43,3,0,5.4,0
S0967,Joseph Chen,IT,2,37,36,49,0,1,24.6,1
S0968,Francisco Wilson,ECE,2,40,35,56,3,0,17.3,0
S0969,Louis Bell,CSE,3,69,45,40,4,1,22.5,1
S0970,Kurt Beltran,MECH,2,57,47,98,5,0,14.1,0
S0971,Rebecca Murray,CSE,2,44,96,77,5,0,18.4,0
S0972,Shawn Ray,MECH,3,74,29,40,1,1,17.3,0
S0973,Cassidy Nelson,ECE,1,77,76,90,4,0,10.0,0
S0974,Joseph Moore,CIVIL,3,33,62,97,3,1,17.8,0
S0975,Tasha Curtis,CSE,3,48,86,65,2,0,7.800000000000001,0
S0976,Sarah Vaughn,MECH,2,46,36,87,3,0,11.8,0
S0977,Lisa Osborne,CSE,1,75,27,81,2,1,11.899999999999999,0
S0978,Todd Miller,CSE,4,49,78,39,4,0,22.6,1
S0979,Alison Carroll,CSE,3,96,83,57,2,1,7.6,0
S0980,Randy Walker,ECE,4,81,36,81,4,0,14.2,0
S0981,Daniel Robinson,CSE,4,72,91,37,5,0,16.6,0
S0982,Vincent Collins,ECE,3,64,79,51,3,0,4.2,0
S0983,Anthony Glover,IT,4,38,85,46,5,0,25.6,1
S0984,Alexander Nelson,CSE,4,91,39,55,5,0,16.3,0
S0985,Stephen Rivera,CIVIL,3,60,41,65,1,1,10.7,0
S0986,Nicholas Hopkins,CIVIL,4,70,93,82,1,1,5.0,0
S0987,Sarah Banks,MECH,1,88,20,40,3,1,20.0,0
S0988,David Green,CSE,2,31,71,42,2,1,24.200000000000003,1
S0989,Kristie Vincent,CSE,3,95,66,74,1,0,0.0,0
S0990,Justin Smith,MECH,2,53,83,34,5,1,27.0,1
S0991,Donald Allen,CIVIL,1,58,94,39,2,1,14.0,0
S0992,William Acosta,IT,3,46,93,65,4,0,18.6,0
S0993,Susan Mosley,CSE,3,85,33,69,3,0,5.3,0
S0994,Melissa White DDS,IT,1,97,30,99,4,1,21.0,1
S0995,John Mcdaniel,IT,3,97,92,60,4,0,12.0,0
S0996,Julia Lowery,CSE,4,92,20,96,1,0,9.0,0
S0997,Eduardo Zuniga,IT,4,98,71,38,3,1,11.4,0
S0998,Matthew Coleman,CIVIL,2,83,57,91,2,0,0.0,0
S0999,Monica Mccarthy,IT,3,99,53,51,3,0,3.8000000000000003,0
S1000,Ronnie Bell,CSE,4,65,40,97,3,1,8.0,0
S1001,Luis Dunlap,IT,2,48,75,99,1,0,6.800000000000001,0
S1002,Stephanie Johnson,ECE,4,46,87,44,0,1,17.8,0
S1003,Vanessa Jackson,CSE,1,32,64,41,3,1,24.0,1
S1004,Nicholas Mendez,MECH,3,77,41,50,5,0,16.7,0
S1005,Brandon Wu,CIVIL,4,94,89,45,1,1,10.0,0
S1006,Alexander Riley,MECH,4,90,62,34,3,0,7.2,0
S1007,Jeffrey Taylor,MECH,4,60,36,40,1,0,12.2,0
S1008,Robert Henderson,CIVIL,3,55,21,30,3,0,20.7,1
S1009,Marissa Butler,CIVIL,2,72,44,75,5,0,11.8,0
S1010,Stacy Wolf,IT,2,37,70,96,1,1,16.200000000000003,0
S1011,Steven Baker,MECH,2,65,61,33,2,0,7.4,0
S1012,Michele Fuller,CIVIL,3,57,21,41,3,1,22.7,1
S1013,Rebecca Thomas,ECE,1,40,36,51,4,1,33.0,1
S1014,Kevin Fritz,ECE,1,83,21,32,4,1,31.3,1
S1015,Natalie Hardy,CIVIL,4,48,57,61,5,1,23.6,1
S1016,Jessica Miller,ECE,1,82,23,30,4,0,26.1,1
S1017,Maria Lambert,ECE,4,69,44,81,4,1,16.8,0
S1018,Robert Townsend,MECH,4,95,87,74,0,0,0.0,0
S1019,Curtis Jefferson,CIVIL,4,72,75,35,1,1,12.0,0
S1020,Steven Rowe,CIVIL,3,58,94,46,0,0,7.600000000000001,0
S1021,Frank Good,IT,4,74,48,90,4,1,15.6,0
S1022,Chase Wu,IT,3,63,39,61,0,0,5.8999999999999995,0
S1023,Susan Cooke,MECH,3,80,50,86,2,0,0.0,0
S1024,Alicia Robinson MD,CIVIL,2,49,100,66,1,1,12.2,0
S1025,Nancy Cohen,ECE,1,58,36,90,2,0,7.0,0
S1026,Kelly Wolf,CIVIL,2,40,57,97,4,1,25.0,1
S1027,Ricky Anderson,ECE,3,71,36,94,5,0,14.2,0
S1028,Curtis Hudson,IT,1,71,91,66,4,1,15.8,0
S1029,Isaac Torres,CIVIL,1,39,24,39,4,1,39.4,1
S1030,William Evans,CIVIL,2,38,81,30,1,1,23.8,1
S1031,Brandy Smith,IT,3,65,27,45,4,0,21.9,1
S1032,Jasmine Thomas,MECH,3,59,85,89,4,0,12.4,0
S1033,Michael Reeves,IT,3,100,98,34,3,0,7.2,0
S1034,Timothy Gomez,MECH,1,92,21,95,0,0,8.7,0
S1035,Samuel Griffith,IT,4,85,49,74,0,1,5.3,0
S1036,Aaron Smith,ECE,2,80,56,40,4,1,21.0,1
S1037,Carl Hanson,ECE,4,51,71,93,1,1,10.600000000000001,0
S1038,Mr. David Fitzgerald,CIVIL,2,52,22,70,4,1,28.6,1
S1039,Gavin Ramirez,CSE,3,31,98,91,1,0,13.600000000000001,0
S1040,Jenna Curtis,MECH,3,67,38,75,3,1,8.6,0
S1041,Kathy Ryan,CSE,1,38,56,38,0,1,22.200000000000003,1
S1042,Raymond Serrano,IT,2,55,69,82,3,0,4.0,0
S1043,Anthony Johnson,CSE,1,36,65,87,3,0,11.600000000000001,0
S1044,Kristi Owens,IT,1,50,60,75,2,1,11.0,0
S1045,Amber Wilkerson,ECE,2,47,88,81,5,1,22.2,1
S1046,Sue Wiley,CIVIL,3,97,53,68,0,1,5.4,0
S1047,Christopher Nash,CIVIL,4,92,50,42,5,0,15.600000000000001,0
S1048,Michael Jensen,MECH,3,93,72,58,2,1,7.4,0
S1049,Nicholas Silva,ECE,2,73,50,73,2,0,0.0,0
S1050,Matthew Wilson,CSE,2,84,60,43,1,0,5.4,0
S1051,Angel Deleon,IT,4,91,78,86,4,0,10.0,0
S1052,Mary Thomas,IT,4,44,53,92,4,0,18.4,0
S1053,Katherine Morgan,IT,2,82,50,93,4,1,15.0,0
S1054,Erin Brown,ECE,2,73,86,75,1,0,0.0,0
S1055,Michael Collins,MECH,4,30,26,95,2,0,21.2,1
S1056,Dawn Wilkinson,CSE,3,84,64,30,0,1,13.0,0
S1057,Gary Schmidt,MECH,3,45,25,39,1,0,21.7,1
S1058,Jennifer Ramos,ECE,2,33,23,43,4,0,36.3,1
S1059,Robert Norman,CSE,3,98,69,65,1,0,1.0,0
S1060,Anthony Moore,ECE,4,46,38,57,3,1,18.799999999999997,0
S1061,Kevin Martin,MECH,2,63,96,96,4,1,15.8,0
S1062,Brittney Bean,IT,3,40,22,43,5,0,33.8,1
S1063,David Knight,MECH,4,67,65,89,3,1,5.0,0
S1064,Caitlin Jennings,CSE,1,52,47,41,5,1,26.9,1
S1065,Rebecca Peterson,CIVIL,2,87,36,80,1,1,9.2,0
S1066,Justin Figueroa,MECH,1,65,25,57,5,0,20.1,1
S1067,Perry Rios,MECH,3,70,55,49,4,0,14.2,0
S1068,Jennifer Page,ECE,3,49,86,67,1,0,7.0,0
S1069,Justin Garrison,ECE,1,83,80,48,2,1,9.4,0
S1070,Amanda Bowman,CSE,4,45,68,68,5,0,18.4,0
S1071,Jason Zimmerman,IT,3,47,63,56,0,0,10.0,0
S1072,Ryan Day,CSE,4,88,41,71,1,0,2.6999999999999997,0
S1073,Alan Allen,CIVIL,2,68,22,68,2,0,8.8,0
S1074,Darin Moon,IT,4,40,81,68,1,1,15.4,0
S1075,Joshua Baker,CIVIL,2,73,85,47,1,1,9.600000000000001,0
S1076,Lindsey Barber,ECE,3,44,52,59,0,1,15.600000000000001,0
S1077,Megan Walters,MECH,2,40,63,58,2,1,17.4,0
S1078,Amber Gray,IT,1,61,83,53,1,1,10.0,0
S1079,Laura Romero,ECE,1,47,90,51,3,1,16.0,0
S1080,Andrew Tyler,MECH,4,49,66,64,0,1,12.600000000000001,0
S1081,Peggy Velez,IT,2,82,42,32,1,0,10.0,0
S1082,Lance Harris,ECE,1,50,41,61,5,0,20.5,1
S1083,Samuel Blackburn,MECH,2,86,63,62,1,0,1.6,0
S1084,Elizabeth Thompson,CSE,3,96,88,79,0,0,0.0,0
S1085,Abigail Cooley,MECH,3,37,66,95,5,1,26.200000000000003,1
S1086,Anthony Guerrero,ECE,2,74,98,85,3,1,5.0,0
S1087,Cody Figueroa,IT,1,99,68,39,1,1,11.2,0
S1088,Madison Lewis,IT,2,58,81,42,5,1,23.4,1
S1089,Susan Martinez,CSE,2,36,44,91,1,1,18.400000000000002,0
S1090,Jamie Hurley,ECE,2,66,72,84,4,0,10.0,0
S1091,Jake Boone,MECH,3,33,81,68,1,0,13.200000000000001,0
S1092,Jacob Oneal,ECE,1,68,36,95,3,0,4.2,0
S1093,Holly Keller,MECH,3,54,91,60,3,0,6.4,0
S1094,Lynn Ross,IT,3,84,99,49,3,0,4.2,0
S1095,Matthew Jones,CSE,4,69,95,78,3,1,5.0,0
S1096,Gwendolyn Mcguire,CIVIL,3,39,73,51,5,0,24.200000000000003,1
S1097,Melanie Hill,IT,4,55,35,82,5,0,18.5,0
S1098,Elizabeth Juarez,MECH,3,66,80,93,3,1,5.0,0
S1099,Crystal Summers,IT,3,57,66,44,5,0,18.4,0
S1100,Lawrence Pollard,CSE,2,97,27,33,0,1,19.3,0
S1101,Joseph Gray,ECE,4,79,35,91,3,1,9.5,0
S1102,Donna Day,CIVIL,4,46,59,89,1,1,12.600000000000001,0
S1103,Michael Galloway,MECH,4,71,20,65,4,1,25.0,1
S1104,Tina Morris,CIVIL,4,84,100,43,1,0,5.4,0
S1105,David Estrada,IT,3,81,25,33,5,1,29.9,1
S1106,Joseph Jacobs,MECH,4,72,40,37,2,0,9.600000000000001,0
S1107,Misty Odonnell,ECE,2,85,71,88,0,0,0.0,0
S1108,Roger Morris,ECE,3,58,39,98,5,0,16.1,0
S1109,Katherine Martin,IT,2,46,96,53,0,1,16.0,0
S1110,Leah Turner,CIVIL,2,97,35,39,5,1,25.7,1
S1111,Natalie Short,CSE,1,74,44,80,0,1,6.8,0
S1112,Peter Garcia,MECH,1,60,73,60,3,1,9.0,0
S1113,Kelli Daniels,MECH,2,78,78,82,1,1,5.0,0
S1114,Michael Jordan,CSE,3,55,30,72,1,0,10.0,0
S1115,Katie Herrera,MECH,1,70,84,71,4,0,10.0,0
S1116,Thomas Williams,MECH,4,84,80,77,1,0,0.0,0
S1117,Joshua Kaufman,CSE,3,59,32,93,0,1,12.8,0
S1118,Kevin Marshall,ECE,2,46,46,87,1,1,13.8,0
S1119,Tracy Brown,CIVIL,2,73,53,89,2,1,5.0,0
S1120,Summer Hunter,IT,1,34,56,83,1,1,17.4,0
S1121,Philip Robinson,IT,2,38,43,91,1,0,12.9,0
S1122,Jorge Daniels,MECH,4,64,63,90,1,1,5.4,0
S1123,Jasmine Russell,CSE,4,68,61,39,3,1,11.2,0
S1124,Cody Reeves,CSE,1,51,73,68,1,1,11.0,0
S1125,Nicole Chavez MD,MECH,3,67,86,73,0,0,0.0,0
S1126,David Hunt,ECE,4,91,59,75,1,1,5.0,0
S1127,Dennis Chandler,IT,3,92,72,93,1,0,0.0,0
S1128,Mr. Andrew Hall,ECE,4,33,98,77,5,1,27.8,1
S1129,Dr. Jonathan Zimmerman,ECE,3,74,26,49,1,0,11.399999999999999,0
S1130,Melinda Dennis,MECH,3,76,83,82,0,0,0.0,0
S1131,Kristen Smith,ECE,3,63,38,92,2,0,4.3999999999999995,0
S1132,Andrew Butler,IT,3,30,86,48,4,0,28.4,1
S1133,Willie Grant,MECH,3,70,58,73,2,0,0.0,0
S1134,Scott Mendez,MECH,1,35,27,62,1,1,25.5,1
S1135,Christopher Thomas,ECE,1,97,96,56,4,0,12.8,0
S1136,Cynthia Fletcher,MECH,4,85,58,40,1,0,6.0,0
S1137,Felicia Oneal,CIVIL,2,55,96,73,2,1,9.0,0
S1138,Johnny Pitts,CSE,1,78,99,73,3,1,5.0,0
S1139,Anthony Jacobson MD,MECH,1,69,67,33,4,0,17.4,0
S1140,David Lewis,MECH,3,82,23,52,4,1,26.7,1
S1141,Jasmine Randolph,ECE,3,67,98,94,1,1,5.0,0
S1142,James Wilson,CSE,2,53,88,53,5,1,23.200000000000003,1
S1143,Susan Rivas,ECE,2,31,58,52,4,0,27.200000000000003,1
S1144,Suzanne Perez,MECH,1,31,30,36,1,1,31.400000000000002,1
S1145,Stephanie Wallace,CIVIL,4,71,30,61,3,0,7.8,0
S1146,Nicholas Greene,ECE,2,86,65,63,3,0,1.4000000000000001,0
S1147,Terry Harris,CIVIL,2,45,85,61,0,1,14.8,0
S1148,Bailey Barker,IT,2,62,77,49,0,0,5.4,0
S1149,Holly Burnett,IT,2,63,40,39,4,1,25.0,1
S1150,David Ortega,ECE,1,76,70,93,4,1,15.0,0
S1151,Brianna Wilson,ECE,2,80,72,85,4,0,10.0,0
S1152,Margaret Anderson,ECE,4,82,25,60,5,1,24.5,1
S1153,Nicholas Walters,CSE,4,64,67,63,5,1,16.8,0
S1154,Kimberly Knapp,IT,2,50,27,76,5,1,27.9,1
S1155,Robert Calderon,ECE,4,89,97,42,4,1,20.6,1
S1156,Barry Martinez,MECH,4,53,49,62,3,0,6.700000000000001,0
S1157,Dana Newton,MECH,3,35,91,71,1,0,12.0,0
S1158,Stephanie Williams,MECH,1,88,98,46,3,1,9.8,0
S1159,Jasmin Pierce,CIVIL,2,75,96,75,4,1,15.0,0
S1160,Janet Thompson,CSE,4,74,82,100,4,0,10.0,0
S1161,Anna Warren,CIVIL,2,43,29,84,1,1,20.1,1
S1162,Kevin Pena,CIVIL,1,61,69,74,1,1,6.6,0
S1163,Meredith Ali,IT,4,34,73,76,2,1,17.4,0
S1164,Selena Wilson,CSE,1,89,39,77,0,1,8.3,0
S1165,Stephanie Lewis,MECH,2,42,84,56,3,0,12.000000000000002,0
S1166,James Conway DDS,MECH,1,69,76,32,4,0,17.6,0
S1167,Jason Sullivan,CIVIL,3,78,42,64,4,0,13.6,0
S1168,Martha Brown,IT,3,43,30,56,5,0,27.6,1
S1169,Elizabeth Boyd,CSE,2,67,46,92,4,1,16.2,0
S1170,Valerie Booth,ECE,4,53,58,36,2,0,11.600000000000001,0
S1171,Brandon Leon,CSE,2,65,57,56,0,1,7.800000000000001,0
S1172,Jacob Smith,ECE,2,56,66,60,1,0,5.6,0
S1173,Paul Friedman,IT,4,100,65,75,5,1,15.0,0
S1174,Harry Williams,CIVIL,3,90,34,85,1,1,9.8,0
S1175,Christopher Dalton,ECE,4,86,31,72,2,0,5.7,0
S1176,Gabriel Mcgrath,ECE,3,40,30,50,5,0,30.0,1
S1177,Emily Sanchez,CSE,3,49,56,74,3,1,11.4,0
S1178,Eric Pitts,MECH,4,72,37,79,2,0,3.9,0
S1179,Isaac Keith,CSE,3,52,38,99,3,0,8.8,0
S1180,Crystal Brown,MECH,3,50,53,72,3,1,11.0,0
S1181,Robert Evans,MECH,3,96,24,32,0,0,15.4,0
S1182,Joseph Johnson,IT,2,31,75,62,4,1,30.200000000000003,1
S1183,Elizabeth Johnson,IT,3,88,43,66,3,0,2.9000000000000004,0
S1184,David Walker,CSE,2,95,87,32,0,0,7.6000000000000005,0
S1185,Donna Daniels,IT,3,32,39,50,0,1,25.5,1
S1186,Jeffrey Reid,ECE,2,73,79,34,5,1,22.2,1
S1187,Melinda Rivera,MECH,4,34,71,62,4,0,24.0,1
S1188,Barbara Mclaughlin,IT,2,36,73,56,3,0,14.400000000000002,0
S1189,Robyn Campbell,CIVIL,1,52,79,44,5,0,20.4,1
S1190,Nicholas Sharp,IT,3,38,79,94,1,0,10.8,0
S1191,Steven Tucker,CIVIL,3,61,91,85,1,0,1.6,0
S1192,Dawn Miller,MECH,1,53,77,82,2,1,9.8,0
S1193,Robin Lewis,CIVIL,3,73,98,76,3,0,0.0,0
S1194,Taylor Galvan,ECE,3,67,34,65,2,1,10.8,0
S1195,Kristen Smith,CIVIL,4,93,55,51,4,0,13.8,0
S1196,Katrina Carroll,IT,2,50,59,100,5,1,21.0,1
S1197,John Ortiz,CIVIL,4,91,67,67,3,0,0.6000000000000001,0
S1198,Theodore Parks,CIVIL,4,63,23,44,0,1,19.1,0
S1199,Kayla Ramsey,IT,3,73,84,99,0,1,5.0,0
S1200,Crystal Thompson,ECE,3,88,54,44,5,1,20.2,1
